date,open,high,low,close,next_close,depeg,volume,V_monthly,ThreshD,ThreshU,marketCap,circulatingSupply
2020-12-24,0.99815359,1.00279786,0.99057724,0.99572413,0.99862475,0,12861524.54,207343977.40999997,0.98310455927848,1.01689544072152,162850387.1131744,163549704.82
2020-12-25,0.99539844,1.00163829,0.99444913,0.99862475,0.99787928,0,10032425.38,213617676.14999998,0.983271605134179,1.016728394865821,163343755.4191431,163568703.49
2020-12-26,0.99835909,1.00171753,0.99184587,0.99787928,0.99972133,0,5776734.65,203184040.95999998,0.9829900330860982,1.0170099669139017,163215055.3801522,163561925.01
2020-12-27,0.99799007,1.0025147,0.99136586,0.99972133,0.99824493,0,17643295.84,216740364.07999998,0.9833523322219747,1.0166476677780254,163677411.26788816,163723036.01
2020-12-28,0.99920879,1.00140546,0.99446867,0.99824493,0.99745679,0,17354534.57,230373141.26999998,0.9836874175942723,1.0163125824057277,166360375.9619069,166652863.61
2020-12-29,0.99803641,1.00013787,0.92084635,0.99745679,0.85140012,1,16529542.27,246045730.45,0.9840414024653764,1.0159585975346235,172661991.09279665,173102226.02
2020-12-30,0.99750524,0.99963868,0.79285628,0.85140012,0.99730425,0,1438686.18,244820492.92000002,0.9840148244283962,1.0159851755716038,154134019.57168913,181035937.66
2020-12-31,0.8514484,1.00293851,0.84295969,0.99730425,1.0017969,0,6708078.04,242425907,0.9839623650567421,1.016037634943258,181481833.026806,181972385.37
2021-01-01,0.99730347,1.00605505,0.98953036,1.0017969,0.99959466,0,2823174.92,242902708.45000002,0.983972865524836,1.0160271344751641,182344045.96913287,182016980.26
2021-01-02,1.00183174,1.0074757,0.98937719,0.99959466,0.99892929,0,5756221.01,244845622.65,0.9840153713265947,1.0159846286734053,181961261.3516072,182035047.2
2021-01-03,0.99964803,1.00775652,0.9929371,0.99892929,1.00365009,0,9128282.87,249302381.5,0.9841111966144916,1.0158888033855082,182900503.0921092,183096546.24
2021-01-04,0.99914458,1.0266318,0.9875716,1.00365009,0.99217857,0,17603488.68,263650750.39000002,0.9844048222385847,1.0155951777614152,184652375.00154737,183980828.88
2021-01-05,1.00368286,1.01039436,0.99186086,0.99217857,1.00053392,0,8031796.03,268246912.53,0.984494405482784,1.015505594517216,184034159.00358385,185484916.17
2021-01-06,0.99218308,1.00681886,0.98573092,1.00053392,1.00125938,0,4185749.5,269882123.73,0.9845257849888744,1.0154742150111256,185767152.5600745,185668019.94
2021-01-07,1.00037892,1.01050772,0.98445755,1.00125938,1.00917251,0,14358374.25,279057182.53,0.9846972694374877,1.0153027305625124,184769389.88544104,184536987.26
2021-01-08,1.00131611,1.01263624,0.98551633,1.00917251,1.00519231,0,18791257.79,290691968.11,0.9849042165955373,1.0150957834044627,186510167.02014756,184814950.87
2021-01-09,1.00912695,1.01683293,0.99089876,1.00519231,1.00197159,0,11284942.73,295490104.08000004,0.9849863707763742,1.0150136292236258,185960295.09782597,184999719.67
2021-01-10,1.00524526,1.00967475,0.99008405,1.00197159,1.02502027,1,16765759.77,296500390.29,0.9850034425054267,1.0149965574945734,185441479.14305612,185076584.75
2021-01-11,1.00193085,1.03922042,0.97840248,1.02502027,1.00470234,0,39431177.51,331954732.66999996,0.9855575664367741,1.0144424335632258,189930046.84719303,185293942.36
2021-01-12,1.02537012,1.02537012,0.99178446,1.00470234,1.00650905,0,22721365.27,353882942.18999994,0.9858622556690547,1.0141377443309452,194820403.53567076,193908579.16
2021-01-13,1.00472337,1.00967667,0.99297622,1.00650905,1.00650932,0,18904292.38,370034458.25999993,0.9860710212040437,1.0139289787959564,195241555.75708735,193978937.74
2021-01-14,1.00781995,1.02417066,0.99408516,1.00650932,1.00107639,0,13505441.22,381708747.01,0.9862144966126044,1.0137855033873957,195391873.49669543,194128231.08
2021-01-15,1.00649773,1.00908463,0.9732991,1.00107639,1.00037526,0,12456164.94,387338126.80999994,0.9862816066696679,1.013718393330332,194424140.313412,194215088.54
2021-01-16,1.00053789,1.00318544,0.99053117,1.00037526,0.99973205,0,10151060.81,379356944.61,0.9861860677909151,1.013813932209085,194333236.5943452,194260338.04
2021-01-17,1.00054499,1.00469676,0.99258121,0.99973205,1.00234477,0,7314149.85,377496079.93,0.9861634064210426,1.0138365935789573,194263758.87829232,194315825.8
2021-01-18,0.99915035,1.00469503,0.99666595,1.00234477,0.99908285,0,8070500.79,379763352.63000005,0.9861909972613793,1.0138090027386206,194823717.6074284,194367968.73
2021-01-19,1.00194758,1.00298035,0.99559798,0.99908285,1.00223641,0,14968578.39,389848039.87000006,0.986311110587101,1.013688889412899,194163245.8794213,194341485.99
2021-01-20,0.99934117,1.00251689,0.9896997,1.00223641,0.99964956,0,12135264.56,390026112.89000005,0.9863131942022496,1.0136868057977504,197745561.26973963,197304307.37
2021-01-21,1.00168393,1.00422218,0.98637255,0.99964956,0.99873509,0,17421421.1,392831138.5700001,0.9863458491029298,1.0136541508970702,204676587.5792943,204748339.01
2021-01-22,1.00065266,1.00508465,0.9888299,0.99873509,0.99898999,0,29186559.32,403339845.1600001,0.9864654769020678,1.0135345230979322,214493765.0843169,214765423.47
2021-01-23,0.99872278,1.00388517,0.9958155,0.99898999,0.99887776,0,14874769.57,405353090.19000006,0.9864879211593552,1.0135120788406446,221714287.9064755,221938447.93
2021-01-24,0.99880203,1.00223221,0.99609331,0.99887776,0.99932176,0,10065030.01,405385694.82000005,0.9864882834218857,1.0135117165781142,222962466.7837966,223212966.28
2021-01-25,0.99900127,1.00470164,0.99339289,0.99932176,0.99784804,0,16783952.47,416392912.64,0.9866084075539445,1.0133915924460555,246395083.56795835,246562312.45
2021-01-26,0.99951466,1.00591691,0.99426164,0.99784804,1.0005695,0,22293964.07,421043580.86999995,0.9866578961576022,1.0133421038423978,248980945.63388628,249517897.75
2021-01-27,0.99941138,1.00491216,0.99429494,1.0005695,1.01635464,1,33786893.65,437475939.95,0.9868270833965246,1.0131729166034753,256695588.1579425,256549483.43
2021-01-28,1.00014453,1.03042118,0.99460346,1.01635464,1.02505982,1,56399457.09,477345854.77,0.9872045485052736,1.0127954514947264,261315699.5,257110746.36
2021-01-29,1.01719276,1.04111689,1.00110046,1.02505982,1.0319295,1,39619479.76,515526648.3499999,0.9875285688499278,1.0124714311500722,266405739.27,259892871.68
2021-01-30,1.0275628,1.04679,1.0092257,1.0319295,1.04208541,1,17252579.97,526071150.28,0.9876124571031943,1.0123875428968057,269182415.68,260853494.58
2021-01-31,1.03192659,1.04579741,1.02935484,1.04208541,1.02339546,1,22955656.24,546203631.5999999,0.9877665634946903,1.0122334365053098,271953428.83,260970382.19
2021-02-01,1.04232165,1.04634986,1.01755212,1.02339546,1.02971092,1,35281625.96,575729036.55,0.9879793683593017,1.0120206316406983,266941370.9,260838923.34
2021-02-02,1.02330186,1.03846786,1.01042914,1.02971092,1.01660154,1,45839306.5,612440060.18,0.9882245150109001,1.0117754849890999,268448597.38,260702874.74
2021-02-03,1.03013378,1.03655538,1.0017624,1.01660154,1.00980733,0,58688932.65,653525504.15,0.9884766393837721,1.011523360616228,264235052.22,259919979.23
2021-02-04,1.01559171,1.0188138,1.00109484,1.00980733,1.01092742,0,40780091.56,686273799.6800001,0.9886629291591617,1.0113370708408385,261149274.04,258612970.37
2021-02-05,1.00787885,1.01846066,0.99908601,1.01092742,1.00654785,0,34408964.73,716497014.9100001,0.9888246310124816,1.0111753689875185,262136195.47,259302686.76
2021-02-06,1.01055376,1.01890689,0.99255995,1.00654785,1.0077177,0,17893388.93,720032029.59,0.9888429496053207,1.0111570503946794,260832414.64,259135634.56
2021-02-07,1.00904969,1.02282025,0.99679763,1.0077177,1.00204248,0,23761898.46,725002670.2599999,0.9888685057931625,1.0111314942068375,260828504.24,258830924.76
2021-02-08,1.00633677,1.01615783,0.98070199,1.00204248,1.0044292,0,76212449.02,789930176.5500001,0.9891822460700084,1.0108177539299916,267697651.45,267151999.16
2021-02-09,1.00269431,1.01372945,0.97465243,1.0044292,1.00872586,0,75938330.22,849102747.0000001,0.9894396109520861,1.010560389047914,286871896.52,285606887.88
2021-02-10,1.0030261600000001,1.01222846,0.98693491,1.00872586,1.00481699,0,44210390.84,853881960.3300002,0.9894593501392763,1.0105406498607237,305897553.99,303251424.78
2021-02-11,1.00795239,1.01476404,0.99819075,1.00481699,1.00237949,0,30211033.48,861371628.5400001,0.9894899896032493,1.0105100103967508,330572821.27,328988088.22
2021-02-12,1.00229196,1.01156816,0.99399203,1.00237949,1.00151174,0,13319717.15,855787053.31,0.9894671775683631,1.0105328224316368,362329951.9,361469839.32
2021-02-13,1.00277951,1.00739648,0.99131012,1.00151174,1.00011128,0,25952257.53,868233869.62,0.989517752120798,1.010482247879202,393874507.78,393279970.01
2021-02-14,1.00140498,1.00433953,0.99673202,1.00011128,1.00007913,0,21861459.29,877639163.9699999,0.9895553313144829,1.010444668685517,421622896.3,421575985.27
2021-02-15,0.99959658,1.00276517,0.99073216,1.00007913,0.99972466,0,30765986.5,898254089.66,0.9896358521704361,1.0103641478295637,440328018.56,440293177.23
2021-02-16,1.0002569,1.00231304,0.99205792,0.99972466,1.00050045,0,51632090.13,942572029.9399999,0.9898009007686268,1.0101990992313732,460144542.51,460271274.67
2021-02-17,1.00035494,1.00181204,0.9913051,1.00050045,0.99857329,0,43833496.8,978335025.9499999,0.9899267224736517,1.0100732775263483,483032189.51,482790576.35
2021-02-18,1.00062177,1.00167549,0.99388595,0.99857329,0.99854169,0,35891319.71,999257767.27,0.9899975246659496,1.0100024753340504,498687517.18,499400018.47
2021-02-19,0.998891,1.00108902,0.99587684,0.99854169,0.99934286,0,30028833.44,1017151336.15,0.9900565260106919,1.009943473989308,514703006.06,515454701.01
2021-02-20,0.99844776,1.00249356,0.96295152,0.99934286,1.00131125,0,69406474.82,1069136389.8700001,0.9902203728830047,1.0097796271169952,534214890.92,534566173.48
2021-02-21,0.99983761,1.00337869,0.99533347,1.00131125,0.99987243,0,44553435.22,1084503265.77,0.9902667836133607,1.0097332163866393,556392557.98,555663941.6
2021-02-22,1.00155532,1.00253754,0.98852913,0.99987243,0.99920569,0,82766111.84,1152394608.04,0.9904618035977357,1.0095381964022643,579439891.9,579513821.93
2021-02-23,0.99988113,1.00236701,0.97385032,0.99920569,0.99997643,0,91164447.5,1233494025.53,0.9906755981207346,1.0093244018792653,588846148.34,589314243.83
2021-02-24,0.99922184,1.00246269,0.99276516,0.99997643,0.99669831,0,46506584.15,1263216657.21,0.9907493116078292,1.0092506883921708,601236426.42,601250600.19
2021-02-25,1.00021616,1.00306336,0.99362917,0.99669831,0.99960689,0,30533488.17,1271456181.3100002,0.9907693375995771,1.0092306624004228,627680174.01,629759443.3
2021-02-26,0.99840251,1.001517,0.9905351,0.99960689,1.0017347,0,23383986.92,1261053274.5800004,0.9907440246661735,1.0092559753338264,653058951.99,653315778.99
2021-02-27,0.99983274,1.00294057,0.99576009,1.0017347,1.00128955,0,24077917.67,1228731735.1600003,0.9906635672158605,1.0093364327841396,674778453.84,673609940.16
2021-02-28,1.00146153,1.00344929,0.98614922,1.00128955,1.00097187,0,25548336.34,1214660591.74,0.9906276531432338,1.0093723468567661,694529695.29,693635218.25
2021-03-01,1.00058539,1.00394583,0.99875366,1.00097187,1.00064245,0,35405500.72,1232813512.4900002,0.9906738827464266,1.0093261172535735,700801737.27,700121312.6
2021-03-02,1.00092674,1.00222304,0.99620942,1.00064245,1.00054726,0,25148073.92,1235005930.1700003,0.9906794046782149,1.0093205953217852,705201452.3,704748687.88
2021-03-03,0.99941995,1.00247579,0.99690651,1.00054726,0.99924065,0,43720231.32,1243444535.5300002,0.9907005372183512,1.0092994627816487,723818120.98,723422221.77
2021-03-04,1.00046099,1.00240001,0.99445784,0.99924065,0.9999084,0,43286377.03,1240891606.0600002,0.9906941642173888,1.0093058357826112,746317644.76,746884792.81
2021-03-05,1.0002233,1.00229418,0.98971396,0.9999084,1.00072901,0,36070763.74,1218273437.15,0.9906369270239295,1.0093630729760705,762566126.72,762635984.47
2021-03-06,0.99981656,1.00133876,0.99515311,1.00072901,1.00029976,0,29037745.65,1206531091.24,0.9906066502281825,1.0093933497718175,773214311.01,772651039.2
2021-03-07,1.0000545,1.00609455,0.99621114,1.00029976,1.00003555,0,25059227.31,1197181353.82,0.9905822602425306,1.0094177397574693,782452785.2,782218309.44
2021-03-08,1.00078045,1.00171147,0.996232,1.00003555,1.00144697,0,38539942.46,1217827907.3500001,0.9906357853685267,1.0093642146314732,795924987.14,795896692.4
2021-03-09,0.99989443,1.0015654,0.99349903,1.00144697,1.00065265,0,61267362.44,1255333371.3300002,0.9907299877375932,1.0092700122624068,830883244.74,829682719.52
2021-03-10,1.00137803,1.00220687,0.9964419,1.00065265,1.00085847,0,37797885.02,1216918807.33,0.99063345410132575,1.0093665458986743,863216441.52,862653432.81
2021-03-11,1.00032371,1.01030035,0.99605043,1.00085847,1.00020538,0,29271238.24,1170251715.35,0.9905105675668886,1.0094894324331114,900832348.7,900059670.05
2021-03-12,1.00044494,1.00166231,0.99621241,1.00020538,1.00020472,0,59243354.43,1185284678.94,0.9905508565301672,1.009449143469833,947718010.37,947523410.8
2021-03-13,0.99879359,1.00285581,0.99707228,1.00020472,1.00004841,0,43197260.39,1198270905.8500001,0.9905851155314962,1.0094148844685038,990486895.33,990284167.1
2021-03-14,1.00084871,1.00434798,0.99625713,1.00004841,1.00071849,0,36573440.19,1221524628.89,0.9906452412764734,1.0093547587235268,1029964794,1029914932.51
2021-03-15,1.00093028,1.00189051,0.99173371,1.00071849,1.00091543,0,67578230.77,1263150602.13,0.990749150359094,1.009250849640906,1067394824.44,1066628460.07
2021-03-16,1.00050139,1.00230896,0.99806548,1.00091543,0.99887655,0,113368656.21,1354657799.0500002,0.9909623233425089,1.0090376766574911,1116892754.99,1115871251.61
2021-03-17,1.00048835,1.02487489,0.99570206000000006,0.99887655,1.00184157,0,158858282.57,1482750095.12,0.9912304492348364,1.0087695507651635,1176684380.39,1178007818.49
2021-03-18,0.99887946,1.00307783,0.99518314,1.00184157,1.00323001,0,48324052.7,1479442057.69,0.9912239178521235,1.0087760821478764,1238512225.25,1236235608.16
2021-03-19,1.00202763,1.00535066,0.99915519,1.00323001,1.00268787,0,89826392.74,1525434953.6299999,0.9913130210565081,1.008686978943492,1280535843.39,1276413014.03
2021-03-20,1.00369341,1.00468571,1.00056453,1.00268787,1.00216977,0,35377164.85,1524920798.7699997,0.9913120448417525,1.0086879551582475,1309136724.74,1305627373.54
2021-03-21,1.00254258,1.0038931,0.98963769,1.00216977,1.00321024,0,50189951.13,1545081916.46,0.9913499988845993,1.0086500011154007,1338042502.81,1335145550.48
2021-03-22,1.00241687,1.00551367,0.99895645,1.00321024,1.00188064,0,60837962.59,1536513404.2299998,0.9913339494984311,1.008666050501569,1366869310.46,1362495377.57
2021-03-23,1.0035478,1.00460922,1.00004593,1.00188064,1.00264585,0,56785001.68,1548744970.69,0.9913568238594842,1.008643176140516,1394426125.76,1391808638.11
2021-03-24,1.00216721,1.00563093,0.99818325,1.00264585,1.00218735,0,68108234.75,1534087093.6,0.9913293831659872,1.008670616834013,1419793879.5,1416047225.68
2021-03-25,1.00296432,1.00362044,0.99914354,1.00218735,1.00193204,0,53977311.03,1496899957.1299999,0.9912581689656113,1.0087418310343887,1442003036.99,1438855757.56
2021-03-26,1.00227854,1.00457788,0.99973797,1.00193204,1.00152557,0,66782492.57,1517175865.5499997,0.9912972863991688,1.0087027136008313,1477164044.91,1474315608.53
2021-03-27,1.00235196,1.0041223,0.99966903,1.00152557,1.002521,0,34708082.43,1521350459.81,0.9913052537895755,1.0086947462104245,1515297068.28,1512988899.87
2021-03-28,1.00180273,1.0044287,1.00009706,1.002521,1.00191291,0,35994248.69,1533960721.58,0.9913291450692179,1.0086708549307821,1553880831.66,1549973341.36
2021-03-29,1.00248441,1.00777232,0.99858648,1.00191291,1.00105986,0,66566472.2,1576449276.1100001,0.9914077547201056,1.0085922452798946,1579518388.44,1576502680.35
2021-03-30,1.00188066,1.00254115,1.00004694,1.00105986,1.00036508,0,44054069.47,1594955009.2400002,0.9914411150669423,1.0085588849330576,1600048687.95,1598354655.8
2021-03-31,1.00104838,1.00311252,0.99754026,1.00036508,1.00343795,0,50174094.36,1609723602.88,0.9914673703489366,1.0085326296510633,1620401057.99,1619809704.94
2021-04-01,1.00033826,1.00554485,0.99992437,1.00343795,1.00315717,0,40709082.91,1625284611.8700001,0.9914946891217498,1.0085053108782502,1648828879.01,1643179707.53
2021-04-02,1.00338484,1.00485285,0.99893252,1.00315717,1.00222774,0,46966055.95,1628530436.5000002,0.9915003435261251,1.0084996564738749,1663901599.55,1658664918.92
2021-04-03,1.00296594,1.00506503,0.99834444,1.00222774,1.00304979,0,33667005.68,1618911065.1500003,0.991483542120222,1.008516457879778,1676941583.49,1673214098.67
2021-04-04,1.00240908,1.01267703,1.0009497,1.00304979,0.99886933,0,20920538.04,1603760839.4500003,0.9914568086895224,1.0085431913104776,1684654590.61,1679532377.71
2021-04-05,1.0032339,1.00618039,0.99684546,0.99886933,1.00087828,0,28326632.79,1603049726.5900002,0.9914555456230454,1.0085444543769546,1687862919.96,1689773489.91
2021-04-06,0.99907836,1.00311402,0.99378538,1.00087828,0.99438775,0,38613398.95,1616603898.2300003,0.9914794925712688,1.0085205074287311,1705668182.85,1704171448.33
2021-04-07,1.0008268,1.00151899,0.98944167,0.99438775,0.99962059,0,55075484.93,1633139440.7000003,0.9915083468972493,1.0084916531027506,1709252567.48,1718899460.47
2021-04-08,0.99330519,1.00182406,0.99208435,0.99962059,1.00074073,0,45496084.41,1617368162.6700003,0.9914808348644591,1.0085191651355407,1727787388.92,1728443172.34
2021-04-09,0.9994553,1.00220196,0.98695815,1.00074073,0.9978788,0,106505516.99,1686075794.6400003,0.9915981620257737,1.0084018379742263,1739258960.53,1737971596.43
2021-04-10,1.00053573,1.00605144,0.99358709,0.9978788,1.00029275,0,49204159.03,1706008715.43,0.9916310125197897,1.0083689874802104,1738447132.38,1742142560.74
2021-04-11,0.99748052,1.00103912,0.99390362,1.00029275,0.99871435,0,28086861.23,1674852222.2300003,0.991579436238639,1.008420563761361,1752065806.17,1751553033.23
2021-04-12,1.00025963,1.02098712,0.99602372,0.99871435,0.99970988,0,58985726.01,1690640687.8500001,0.9916057307667544,1.0083942692332457,1757495315.76,1759757751.96
2021-04-13,0.99735646,1.00294879,0.99010012,0.99970988,1.00010126,0,50501428.59,1704568676.2500002,0.9916286564442554,1.0083713435557446,1767662661.26,1768175644.92
2021-04-14,0.99959889,1.00291692,0.99711366,1.00010126,1.00078862,0,34526195.65,1671516641.13,0.9915738387650458,1.0084261612349543,1778710962.9,1778530872.51
2021-04-15,1.0005073,1.00276924,0.99866647,1.00078862,1.0002417,0,30729446.18,1588877431.1000004,0.9914302161542554,1.0085697838457446,1789847785.69,1788437379.62
2021-04-16,1.00083998,1.00442848,0.99883591,1.0002417,1.00907092,1,44761122.71,1474780271.24,0.991214680501249,1.008785319498751,1797306422.69,1796872116.5
2021-04-17,1.00020359,1.01269289,0.99745334,1.00907092,0.99632065,0,43283254.27,1469739472.81,0.9912046482260612,1.0087953517739388,1818973158.44,1802621722.54
2021-04-18,1.00868005,1.0245074,0.99213489,0.99632065,1.00020852,0,77207362.34,1457120442.4099998,0.9911793311820636,1.0088206688179364,1802137211.82,1808792395.7
2021-04-19,0.99672642,1.02666906,0.9851929,1.00020852,0.99889787,0,127158166.58,1548901444.1399996,0.9913571149202096,1.0086428850797904,1818133542.84,1817754501.56
2021-04-20,0.99886331,1.01381267,0.98664735,0.99889787,0.99690341,0,50736060.18,1549447553.1899998,0.9913581304461158,1.0086418695538841,1825848865.42,1827863407.98
2021-04-21,0.9987799,1.00354159,0.99559143,0.99690341,0.99712064,0,47294232.54,1535903823.1399999,0.9913328031675842,1.0086671968324157,1831155666.52,1836843612.33
2021-04-22,0.99765655,1.00646157,0.99427681,0.99712064,1.00064459,0,64431483.21,1543550304.6699998,0.9913471387976784,1.0086528612023216,1845429154.08,1850758145.94
2021-04-23,0.9969031,1.00197795,0.99285008,1.00064459,0.99801271,0,64866370.66,1540308440.58,0.9913410725357834,1.0086589274642166,1862189174.27,1860989595.41
2021-04-24,1.00109487,1.0024724,0.99602754,0.99801271,0.99869117,0,40497443.18,1526828572.73,0.9913156648863902,1.0086843351136099,1860487646.43,1864192339.48
2021-04-25,0.99824161,1.00364796,0.99440269,0.99869117,1.00215565,0,52640560.18,1512686640.3400002,0.9912886858391177,1.0087113141608823,1865331282.14,1867775884.54
2021-04-26,0.99888591,1.00913066,0.997206,1.00215565,0.99902152,0,54698222.34,1532676780.2500002,0.9913267245193473,1.0086732754806527,1887864424.95,1883803594.67
2021-04-27,1.00190832,1.00300678,0.99647641,0.99902152,0.99862002,0,62353987.43,1559036518.9900002,0.9913758843742208,1.0086241156257791,1917814902.71,1919693293.6
2021-04-28,0.99861323,1.00211323,0.99596703,0.99862002,1.00049669,0,44535858.62,1537005905.41,0.9913348752151188,1.0086651247848812,1932569623.93,1935240222.54
2021-04-29,0.99863466,1.00095478,0.997197,1.00049669,0.99941883,0,31408993.38,1524360829.3200002,0.9913109811404323,1.0086890188595679,1952745881.97,1951776447.84
2021-04-30,1.00036723,1.00225624,0.99720091,0.99941883,0.99920499,0,47501342.82,1521688077.78,0.9913058968735591,1.008694103126441,1961850686.61,1962991526.76
2021-05-01,0.99957731,1.0025206,0.99883353,0.99920499,0.99996984,0,26830484.51,1507809479.38,0.9912793034082624,1.0087206965917375,1970487466.5,1972055271.71
2021-05-02,0.99902351,1.00273097,0.99845712,0.99996984,1.00072672,0,29855915.49,1490699338.92,0.9912460650774277,1.0087539349225723,1972385697.45,1972445179.46
2021-05-03,1.0000516,1.00308524,0.99872023,1.00072672,0.99550782,0,53545569.4,1510577902.64,0.9912846341148999,1.0087153658851,1981606436.49,1980167417.79
2021-05-04,1.00106104,1.02841379,0.99259121,0.99550782,0.99925117,0,107151621.08,1596808985.68,0.9914444287832977,1.0085555712167023,1981662954.58,1990605111.29
2021-05-05,0.99637171,1.0079807,0.99430247,0.99925117,0.99563774,0,45468234.57,1613950587.4599998,0.9914748259317866,1.0085251740682135,1999204064.21,2000702252.55
2021-05-06,0.99893654,1.00378157,0.99543034,0.99563774,1.00079601,0,54715082.5,1630052271.0099998,0.9915029894736008,1.0084970105263993,2007443177.91,2016238524.49
2021-05-07,0.99571075,1.00304869,0.99467463,1.00079601,1.00014706,0,30862787.26,1605839573.3399997,0.9914604966232446,1.0085395033767552,2039310408.9,2037688391.75
2021-05-08,1.00058844,1.00242515,0.99814886,1.00014706,1.0014606,0,23719816.38,1584063305.3099997,0.9914215434591686,1.0085784565408313,2048413618.01,2048112424.91
2021-05-09,1.00013629,1.00481246,0.99522154,1.0014606,0.99895168,0,44650846.3,1522208634.62,0.9913068880409863,1.0086931119590137,2054405163.23,2051408876.95
2021-05-10,1.00122797,1.0044154,0.99213978,0.99895168,0.99935417,0,57870190.29,1530874665.8799999,0.9913233225197068,1.0086766774802933,2057063678.38,2059222403.75
2021-05-11,0.99865395,1.00065422,0.99668235,0.99935417,1.00044639,0,57543541.31,1560331345.9599998,0.9913782705827293,1.0086217294172706,2068860400.06,2070197394.76
2021-05-12,0.99925867,1.00209664,0.99670895,1.00044639,1.00029636,0,59786892.14,1561132512.09,0.9913797457125889,1.008620254287411,2084796416.32,2083866203.91
2021-05-13,0.99417077,1.00504522,0.99384391,1.00029636,0.99910146,0,85512639.89,1596143723.39,0.9914432403129769,1.008556759687023,2091582236.17,2090962555.25
2021-05-14,0.99975178,1.00400804,0.99800459,0.99910146,0.99742079,0,44303322.34,1605920850.08,0.9914606406890216,1.0085393593109784,2092035426.48,2093916904.32
2021-05-15,0.99911111,1.00145991,0.99581875,0.99742079,0.99771785,0,34843689,1610035092.9,0.9914679206475838,1.0085320793524162,2089860518.65,2095264651.81
2021-05-16,0.99795089,1.00423888,0.99419912,0.99771785,0.99673578,0,51045043.42,1616319013.6100004,0.9914789920061158,1.0085210079938842,2092473129.58,2097259391.82
2021-05-17,0.99729769,1.00184498,0.9947813,0.99673578,1.00010649,0,65772102.2,1638807861.5400004,0.991518148710736,1.0084818512892642,2096099861.41,2102964394.49
2021-05-18,0.9973997,1.0027347,0.99492779,1.00010649,0.9948682,0,49223013.54,1610823512.7400002,0.9914693128875103,1.0085306871124897,2111251893.61,2111027094.05
2021-05-19,0.99990137,1.00950965,0.97409486,0.9948682,0.98685071,1,132594624.27,1616259970.43,0.9914788882477906,1.0085211117522095,2103261503.04,2114110705.71
2021-05-20,0.99338463,0.99701717,0.96887839,0.98685071,0.98377839,1,100491978.11,1666015888.3600001,0.9915645752857689,1.008435424714231,2082393175.22,2110140013.23
2021-05-21,0.9889026,0.99485329,0.96596714,0.98377839,0.98542967,1,109819421,1728541076.82,0.9916675362716988,1.0083324637283013,2072182371.13,2106350765.31
2021-05-22,0.98387401,0.99266228,0.97708473,0.98542967,0.94569207,1,145646006.93,1809755600.54,0.991794091118679,1.0082059088813209,2065957229.53,2096503985.2
2021-05-23,0.98441894,0.9911787,0.91855463,0.94569207,0.98502072,1,265871136.79,2010760366.6699998,0.9920771780789899,1.0079228219210101,1956795841.86,2069168075.85
2021-05-24,0.94580921,0.98797114,0.94454116,0.98502072,0.98923694,1,163170851.93,2133433775.4199998,0.9922320406441469,1.007767959355853,1996861656.84,2027228080.56
2021-05-25,0.98607135,0.99576864,0.98090646,0.98923694,0.99889161,0,109461869.53,2190255084.77,0.9922998042165568,1.007700195783443,1976781498.8,1998289197.76
2021-05-26,0.98894749,0.99957749,0.98627339,0.99889161,0.99617738,0,94394457.44,2229951319.87,0.9923457694519436,1.0076542305480563,1984276587.33,1986478382.36
2021-05-27,0.99880231,1.00010671,0.99213745,0.99617738,0.99763791,0,68200821.34,2235798153.7799997,0.9923524474672218,1.0076475525327782,1967369190.61,1974918548.01
2021-05-28,0.99642195,1.01454522,0.99071534000000006,0.99763791,0.99892915,0,80203621.74,2271465916.8999996,0.9923926874739355,1.0076073125260645,1963178483,1967826666.65
2021-05-29,0.99757606,1.00083908,0.98999338,0.99892915,0.9994029,0,29350909.11,2269407832.63,0.9923903885247641,1.007609611475236,1960279656.15,1962381066.78
2021-05-30,0.9988709,1.00247348,0.99251653,0.9994029,0.9987796,0,28320087.36,2250226577.17,0.9923688278631779,1.007631172136822,1956094379.95,1957263070.65
2021-05-31,0.99950053,1.00330411,0.99491682,0.9987796,0.99963731,0,28077276.56,2251473369.2200003,0.9923702367541576,1.0076297632458424,1949219508.76,1951601239.74
2021-06-01,0.99823018,1.00568877,0.99634597,0.99963731,1.00136254,0,25666255.92,2247283709.65,0.9923654982534845,1.0076345017465156,1945845548.81,1946551547.06
2021-06-02,0.99981534,1.00290603,0.99551204,1.00136254,1.00077594,0,22579971.91,2216318112.16,0.9923301070677395,1.0076698929322605,1944264608.29,1941619074.97
2021-06-03,1.00050197,1.00403731,0.99735732,1.00077594,1.0003443,0,25361720.09,2134528211.1699998,0.9922333684919572,1.007766631508043,1936559357.12,1935057861.95
2021-06-04,1.00217347,1.01358125,0.98083816,1.0003443,0.99931162,0,42980760.72,2132040737.3199997,0.9922303491962549,1.007769650803745,1930327260.02,1929662874.18
2021-06-05,1.00005279,1.00362423,0.99413378,0.99931162,1.00110037,0,25008345.01,2102333999.8299997,0.9921939242380664,1.0078060757619336,1924087534.07,1925412951.47
2021-06-06,0.99966609,1.00143985,0.99739329,1.00110037,0.99773071,0,10951592.23,2082422804.7999997,0.9921691237136114,1.0078308762863886,1917817075.46,1915709078.13
2021-06-07,1.00077313,1.00217862,0.99632753,0.99773071,1.00134964,0,20213229.24,2078916217.6599998,0.9921647233077301,1.0078352766922698,1904741215.61,1909073454.24
2021-06-08,0.99806506,1.00396911,0.99501986,1.00134964,0.99952553,0,32518531.26,2066783902.62,0.9921494218137764,1.0078505781862237,1910652175.29,1908076961
2021-06-09,1.00186437,1.00284452,0.99809613,0.99952553,0.99871277,0,26043932.15,2034957644.48,0.9921087062778073,1.0078912937221927,1903702940.98,1904606616.85
2021-06-10,1.00002345,1.00150756,0.99760303,0.99871277,0.99995703,0,22565543.17,1999979646.34,0.9920629678154586,1.0079370321845413,1901820600.02,1904271827.13
2021-06-11,0.99880567,1.00215702,0.99737578,0.99995703,1.00053127,0,20070354.95,1960263109.15,0.992009722220019,1.007990277779981,1902469414.25,1902551168.45
2021-06-12,0.9998174,1.0016266,0.99836745,1.00053127,0.99992054,0,15519552.12,1890270021.3799999,0.9919122934636964,1.0080877065363036,1904313595.54,1903302430.87
2021-06-13,1.00090219,1.00171261,0.9987315,0.99992054,0.99988363,0,21063027.95,1867029726.99,0.9918788738682002,1.0081211261317997,1903558242.82,1903709519.48
2021-06-14,0.99984255,1.00147557,0.99859423,0.99988363,0.9986559,0,28830723.49,1861016761.48,0.9918701367888706,1.0081298632111293,1903433581.34,1903013276.49
2021-06-15,1.00020698,1.00942052,0.99626129,0.9986559,1.00018791,0,22051010.19,1832022728.25,0.9918274726828051,1.0081725273171949,1900801883.16,1905221098.21
2021-06-16,0.99754939,1.00218704,0.99690562,1.00018791,1.0000284,0,20485532,1786736158.05,0.9917590010670743,1.0082409989329257,1904775852.98,1904417984.34
2021-06-17,1.00014888,1.00721611,0.99668223,1.0000284,0.99901916,0,47679440.84,1785192585.35,0.9917566265489521,1.0082433734510479,1904080990.38,1904026920.64
2021-06-18,0.99987726,1.02702073,0.99142215,0.99901916,1.00028928,0,100547997.91,1753145958.99,0.9917067012871172,1.0082932987128828,1909028306.89,1910902593.9
2021-06-19,0.9967031,1.00729369,0.99539088,1.00028928,1.00208586,0,26474958.21,1679128939.0900004,0.9915865913343218,1.0084134086656782,1911336201.6,1910783441.4
2021-06-20,1.00055444,1.00637668,0.99695281,1.00208586,0.99714304,0,17360458.15,1586669976.2400005,0.9914262437581667,1.0085737562418333,1913781916.51,1909798352.56
2021-06-21,1.00124473,1.01773241,0.98706854,0.99714304,0.99945947,0,59503861.92,1500527831.2300005,0.9912652197857701,1.00873478021423,1902988797.05,1908441133.67
2021-06-22,0.99748395,1.00989309,0.99426887,0.99945947,1.00035736,0,57103223.17,1291759917.6100004,0.99081795538856,1.0091820446114401,1907946134.39,1908977995.68
2021-06-23,0.99953314,1.00450052,0.99488236,1.00035736,1.00008845,0,40917723.61,1169506789.29,0.9905085532062934,1.0094914467937066,1908856546.55,1908001235.95
2021-06-24,1.00068694,1.00217539,0.99845612,1.00008845,0.99893722,0,21956861.4,1082001781.16,0.9902592886312331,1.0097407113687669,1907583370.09,1907414649.91
2021-06-25,0.99998908,1.00129939,0.99755156,0.99893722,1.0015807,0,27707531.93,1015314855.65,0.9900505344383912,1.0099494655616088,1904798885.82,1906825413.42
2021-06-26,0.99882492,1.00223182,0.99787388,1.0015807,1.0010284,0,22404721.7,969518756.0099999,0.9898962809470452,1.010103719052955,1909654974.34,1906641138.12
2021-06-27,1.00171571,1.00315805,0.99966226,1.0010284,0.99995387,0,21851847.34,911166981.6099999,0.9896850448939479,1.010314955106052,1908625499.16,1906664689.53
2021-06-28,1.00102265,1.00182242,0.998985,0.99995387,1.00002744,0,30985305.84,912801378.3399999,0.98969120497847,1.0103087950215301,1906966771.83,1907054744.49
2021-06-29,0.99996162,1.00137343,0.99928133,1.00002744,1.00008303,0,32681904.83,917163195.81,0.9897075730405396,1.0102924269594604,1906906015.7,1906853696.61
2021-06-30,1.00007528,1.00185117,0.99875406,1.00008303,0.99995636,0,24063646.51,913149565.76,0.9896925154060237,1.0103074845939763,1906537178.15,1906378890.99
2021-07-01,0.99964999,1.00176599,0.99906238,0.99995636,0.99972204,0,28780317,916263626.84,0.9897042058438499,1.0102957941561501,1906302701.12,1906385905.12
2021-07-02,1.00007887,1.00190759,0.9995293,0.99972204,0.99966628,0,19377221.63,913060876.56,0.9896921816813002,1.0103078183186998,1925431874.99,1925967213.51
2021-07-03,0.99964767,1.00179236,0.99884582,0.99966628,0.99965321,0,17985140.26,905684296.73,0.9896642724193242,1.0103357275806757,1924854701.61,1925497277.59
2021-07-04,0.99965945,1.00132615,0.99846538,0.99965321,1.00108739,0,17044091.33,879747627.34,0.9895636821253359,1.010436317874664,1924816927.22,1925484658.54
2021-07-05,0.99984929,1.00196996,0.99846092,1.00108739,1.000643,0,20062646.02,874801928.35,0.9895440518063336,1.0104559481936664,1927594407.35,1925500641.54
2021-07-06,1.00054769,1.00196755,0.99857642,1.000643,0.99954366,0,31604102.9,895454439.02,0.9896250621906514,1.0103749378093485,1930299662.83,1929059268.72
2021-07-07,1.00063837,1.00374362,0.99626442,0.99954366,0.9994638,0,40273295.83,915514505.61,0.9897013984260097,1.0102986015739903,1928995470.94,1929876144.28
2021-07-08,0.99994538,1.00191064,0.99768565,0.9994638,1.00018074,0,31883736.62,914879710.9700001,0.9896990170617144,1.0103009829382856,1928376213.66,1929410768.43
2021-07-09,0.9996585,1.00139082,0.99766775,1.00018074,1.00032905,0,45703511.88,934539290.7000002,0.9897717623154187,1.0102282376845813,1929728373.92,1929379650.79
2021-07-10,0.99984682,1.00092389,0.99870144,1.00032905,1.00065296,0,32766826.8,944740574.33,0.9898087103705921,1.0101912896294079,1930647175.66,1930012108.06
2021-07-11,1.00054146,1.00232762,0.99920187,1.00065296,0.9999336,0,20393665.99,945063885.37,0.9898098726667119,1.010190127333288,1930963778.26,1929703765.26
2021-07-12,1.00085192,1.00139672,0.99938801,0.9999336,1.00027934,0,26221072.48,955765405.73,0.9898480477979201,1.0101519522020799,1929922681.22,1930050832.41
2021-07-13,0.99982303,1.00129678,0.9996646,1.00027934,1.00015608,0,27351793.15,962054170.9300001,0.9898702166332574,1.0101297833667426,1930275419,1929736363.77
2021-07-14,1.0001752800000001,1.00208153,0.99907217,1.00015608,0.99949137,0,33325666.19,966549113.63,0.9898859439120885,1.0101140560879116,2001565604.08,2001253247
2021-07-15,1.00021417,1.00255538,0.99688692,0.99949137,1.00093198,0,25027827.44,969525930.8800001,0.9898963058709271,1.0101036941290729,1999591363.62,2000608936.26
2021-07-16,0.99920462,1.00331969,0.99801891,1.00093198,1.00081658,0,37096101.3,986136500.18,0.9899533565711253,1.0100466434288748,2012432093.35,2010558290.22
2021-07-17,1.00080632,1.00456774,0.99911001,1.00081658,1.00071642,0,35670502.13,974127561.47,0.9899122404267672,1.010087759573233,2012226194.02,2010584394.61
2021-07-18,1.00080189,1.00320031,0.99916099,1.00071642,1.00025134,0,28105368.27,901684931.8299999,0.9896490138073989,1.0103509861926012,2012592416.67,2011151594.7
2021-07-19,1.00125376,1.00200992,0.99962085,1.00025134,1.00072071,0,21130814.06,896340787.6799997,0.9896284830788961,1.010371516921104,2013199105.62,2012693231.21
2021-07-20,1.00019395,1.00228212,0.99890378,1.00072071,1.00083748,0,24397798.05,903378127.5799997,0.9896554847806219,1.010344515219378,2014524485.64,2013073641.31
2021-07-21,1.00075817,1.00187728,0.99949037,1.00083748,1.00141956,0,28911947,872786212.6599998,0.9895360085940692,1.0104639914059308,2015377681.68,2013691254.27
2021-07-22,1.00096606,1.00275392,1.00026344,1.00141956,1.00096689,0,19865484.38,835548473.8699998,0.9893828134091162,1.010617186590884,2022407308.63,2019540455.98
2021-07-23,1.00128138,1.00238845,0.99988856,1.00096689,1.00157183,0,26197979.52,820828729.7799999,0.9893197238066606,1.0106802761933396,2027105834.8,2025147743.19
2021-07-24,1.00166953,1.00365259,1.00044745,1.00157183,1.00168103,0,22388247.98,821260116.3599999,0.9893215941579525,1.0106784058420475,2027663379.45,2024481234.93
2021-07-25,1.00201829,1.00334844,0.99892679,1.00168103,1.00030473,0,19011618.94,812564203.3699999,0.9892836364631679,1.0107163635368321,2027522744.47,2024120146.86
2021-07-26,1.00171163,1.00385921,0.99890684,1.00030473,1.0007095,0,41650641.65,831810123.3199998,0.9893669317984959,1.0106330682015041,2023830503.17,2023213966.15
2021-07-27,0.99993064,1.00532491,0.9988647,1.0007095,1.00017127,0,27539665.02,837497940.9999999,0.9893910577823123,1.0106089422176876,2029871529.4,2028432365.34
2021-07-28,1.00085781,1.00324483,0.99677278,1.00017127,1.00032476,0,28424054.67,834936689.8299999,0.9893802208614559,1.010619779138544,2033517218.46,2033169003.6
2021-07-29,1.00004269,1.00382375,0.99878745,1.00032476,1.0010875,0,28545999.58,830800784.5799999,0.9893626275077663,1.0106373724922337,2036962050.9,2036300739.87
2021-07-30,1.00063859,1.00263528,0.99845309,1.0010875,1.00110278,0,55315607.9,862052745.9699999,0.9894927583578227,1.0105072416421772,2041671375.08,2039453479.55
2021-07-31,1.00110286,1.00208218,1.0003893,1.00110278,1.00087896,0,47390841.49,880663270.4599999,0.9895673003286944,1.0104326996713056,2041121633.07,2038873195.48
2021-08-01,1.00107878,1.00265385,0.99798886,1.00087896,1.00130607,0,46267853.03,907553901.86,0.9896713746655373,1.0103286253344625,2041490606.19,2039697789.48
2021-08-02,1.00032942,1.00382086,0.99769229,1.00130607,1.00115983,0,47295354.22,936864115.82,0.9897802297689581,1.010219770231042,2050096638.91,2047422568.59
2021-08-03,1.0012039,1.00691268,0.99829106,1.00115983,1.00131345,0,43426139.48,963246163.97,0.9898743968092197,1.0101256031907802,2052567051.38,2050189187.86
2021-08-04,1.00234765,1.00487232,0.99890553,1.00131345,1.00172373,0,39365121.28,982548639.23,0.9899411426979333,1.0100588573020666,2053209851.27,2050516608.52
2021-08-05,1.00127274,1.00322192,0.99925704,1.00172373,1.00382844,0,34788866.26,985733402.59,0.9899519872942528,1.0100480127057472,2053889528.32,2050355273.59
2021-08-06,1.00163646,1.00437839,1.00041715,1.00382844,1.00376386,0,30957751.65,976417858.4099998,0.9899201339232411,1.010079866076759,2069281597.68,2061389698.75
2021-08-07,1.0035231,1.00680726,0.9993681,1.00376386,1.00135572,0,32824308.86,977358430.65,0.9899233684531321,1.0100766315468679,2069275238.95,2061515982.81
2021-08-08,1.00253845,1.00402713,0.99933458,1.00135572,1.00348568,0,31829776.75,963484695.5199999,0.9898752324824728,1.0101247675175271,2064602407.17,2061807172.61
2021-08-09,1.00213829,1.00542657,0.99993604,1.00348568,1.00294309,0,50764574.99,981482443.7099999,0.9899375016657563,1.0100624983342437,2081826923.61,2074595550.95
2021-08-10,1.00324076,1.00701864,0.99984553,1.00294309,1.00031651,0,45400963.65,1006489741.37,0.990021539348347,1.0099784606516529,2084223472.54,2078107424.7
2021-08-11,1.0030968,1.00843664,0.99877821,1.00031651,1.00324956,0,65013850.58,1045282519.4699999,0.9901465397079189,1.009853460292081,2091226900.39,2090565225.58
2021-08-12,0.999744,1.00546673,0.99882969,1.00324956,1.00405611,0,47415830.71,1065346557.03,0.990208790020041,1.009791209979959,2106173236.54,2099351271.77
2021-08-13,1.00256913,1.00886817,1.00088769,1.00405611,1.00308356,0,66559613.29,1098580504.13,0.9903085363583539,1.009691463641646,2108535895.03,2100018000.75
2021-08-14,1.00407557,1.00888456,1.00004434,1.00308356,1.00410661,0,44899196.3,1118451872.99,0.9903662752667199,1.00963372473328,2107989672.03,2101509532.87
2021-08-15,1.00313924,1.00664287,0.99877006,1.00410661,1.00149575,0,39646814.08,1121002585.77,0.990373587627483,1.0096264123725172,2113104465.2,2104462268.58
2021-08-16,1.0045283,1.00802113,0.99949319,1.00149575,1.00350014,0,105201947.1,1190534030.7399998,0.9905647648431096,1.0094352351568905,2132232338.53,2129047825.54
2021-08-17,1.00285798,1.01063933,0.99826381,1.00350014,1.00301414,0,140984862.33,1303413524.8,0.9908454024047143,1.0091545975952856,2175754913.47,2168166024.83
2021-08-18,1.00297626,1.01477429,0.99782693,1.00301414,1.00301274,0,153170453.18,1435453163.92,0.9911351717802517,1.0088648282197483,2204088396.51,2197464934.48
2021-08-19,1.00423437,1.0095476,0.99843461,1.00301274,1.00472516,0,117046704.95,1528102070.82,0.9913180780231576,1.0086819219768424,2240727620.22,2233997167.2
2021-08-20,1.00337661,1.00679915,1.00108978,1.00472516,1.00410156,0,69076207.14,1568266330.96,0.9913928363491152,1.0086071636508849,2263126103.66,2252482764.62
2021-08-21,1.00467366,1.01399891,1.00034744,1.00410156,1.00445391,0,50585071.64,1598985918.2200003,0.9914483131952513,1.0085516868047488,2267069240.94,2257808707.69
2021-08-22,1.00376818,1.00762865,1.00107693,1.00445391,1.00138359,0,55759773.15,1628547711.8500004,0.9915003735805223,1.0084996264194777,2300041277.06,2289842521.53
2021-08-23,1.00485792,1.00801443,0.999046,1.00138359,1.00063061,0,71778876.7,1677938340.5700004,0.9915846018643918,1.008415398135608,2297592423.26,2294417893.73
2021-08-24,1.00172757,1.01027715,0.99558293,1.00063061,1.00087232,0,147072646.03,1805999367.6600006,0.9917884060004127,1.0082115939995873,2309699186.97,2308243592.49
2021-08-25,0.99980177,1.00451157,0.99829721,1.00087232,1.00016963,0,72866047.06,1837214773.0700004,0.9918351785796642,1.0081648214203358,2320824743.82,2318802002.64
2021-08-26,1.00017901,1.00393481,0.99713627,1.00016963,1.00182191,0,64331789.32,1874006897.3700004,0.9918889650703149,1.0081110349296851,2333034768.79,2332639085.38
2021-08-27,1.00070428,1.00682883,0.9951494,1.00182191,1.00092586,0,102022162.54,1947605005.2400002,0.9919924491356573,1.0080075508643427,2347903561.35,2343633674.86
2021-08-28,1.00183553,1.00484262,0.99753294,1.00092586,1.00124158,0,75683086.68,1994742092.3400004,0.9920560271848743,1.0079439728151258,2355367671.12,2353188951.68
2021-08-29,1.00050203,1.00532915,0.99716307,1.00124158,0.99974044,0,59588274.76,1999014759.2000003,0.9920616910017348,1.0079383089982652,2361574032.44,2358645594.48
2021-08-30,1.00164225,1.00531564,0.99744815,0.99974044,1.00155079,0,72274246.08,2023898163.7900002,0.9920943585328381,1.0079056414671619,2384966668.22,2385585880.52
2021-08-31,0.99996079,1.00329049,0.99750086,1.00155079,1.00103739,0,82395373.61,2060025684.3700001,0.9921408461914062,1.007859153808594,2400297531.53,2396580932.63
2021-09-01,1.00171481,1.00482991,0.99891291,1.00103739,1.00049034,0,78629387.75,2091359717.9,0.9921802940834422,1.0078197059165577,2413815177.9,2411313693.92
2021-09-02,1.00099858,1.00217512,0.99919457,1.00049034,0.99878178,0,73309007.02,2121242585.44,0.9922171877422108,1.0077828122577892,2427799997.78,2426610135.33
2021-09-03,1.00038445,1.00398346,0.99681568,0.99878178,1.00173092,0,67653279.07,2149530743.23,0.9922514796191154,1.0077485203808845,2432014380.47,2434980723.22
2021-09-04,0.99875244,1.00327596,0.99810866,1.00173092,0.99958705,0,33933631.12,2148675508.0899997,0.9922504517102383,1.0077495482897616,2440176366.05,2435959920.44
2021-09-05,1.00176972,1.0026776,0.99939755,0.99958705,0.99984252,0,49986317.26,2167704073.7,0.9922731941120675,1.0077268058879325,2441393476.92,2442402064.22
2021-09-06,0.99960158,1.00569623,0.99578583,0.99984252,1.00029963,0,65331495.04,2200211259.8799996,0.9923114364976249,1.0076885635023751,2446057875.91,2446443133.75
2021-09-07,1.00061679,1.01546242,0.98689256,1.00029963,0.9998029,0,218008614.42,2386390097.5499997,0.9925168200790481,1.0074831799209518,2455237061.09,2454501606.76
2021-09-08,1.00019158,1.00456289,0.99615847,0.9998029,1.00258586,0,134235095.37,2469860617.9299994,0.9926020875925621,1.007397912407438,2459246039.16,2459730841.62
2021-09-09,1.0006168,1.0084334,0.99191773,1.00258586,1.00584024,0,121671076.23,2546130730.5099993,0.9926767066041894,1.0073232933958107,2481439935.05,2475039832.65
2021-09-10,1.00184648,1.02051982,0.99237218,1.00584024,1.00425102,0,282833498.68,2763950378.609999,0.9928743702468115,1.0071256297531885,2527042380.92,2512369533.95
2021-09-11,1.00767286,1.01160087,0.99735962,1.00425102,1.00363451,0,147306478.46,2863841026.359999,0.9929581998097332,1.0070418001902668,2553519927.41,2542710814.58
2021-09-12,1.00295606,1.00897305,0.99896411,1.00363451,1.0032791831,0,105792049.93,2903073462.9999995,0.9929900649935449,1.0070099350064552,2558478691.45,2549213552.48
2021-09-13,1.00307648,1.00970295,0.9971965082,1.0032791831,1.0047415602,0,142799002.98,3000973269.6799994,0.993067136902704,1.006932863097296,2563276540.84,2554898560.57
2021-09-14,1.0033573647,1.0065084419,0.9975235182,1.0047415602,1.0040198854,0,198172752.76,3159499208.3599997,0.993185082808871,1.006814917191129,2580725168.39,2568546251.76
2021-09-15,1.0054766085,1.0063630551,1.0020968179,1.0040198854,1.0040753098,0,157015294.2,3211312555.459999,0.9932219337784385,1.0067780662215615,2592877147.61,2582495810.35
2021-09-16,1.003907321,1.0059667496,1.0014186403,1.0040753098,1.0040856975,0,156218071.17,3226545764.299999,0.9932326175069476,1.0067673824930523,2595066245.74,2584533471.08
2021-09-17,1.004207474,1.0069222655,1.0013870694,1.0040856975,1.0029670237,0,86668597.78,3160043908.9,0.9931854743965078,1.0068145256034922,2606927674.65,2596319896.81
2021-09-18,1.0044574376,1.0097396102,1.0007742416,1.0029670237,1.0047470736,0,64977872.01,3107975075.9599996,0.9931476296977706,1.0068523703022294,2606147593.03,2598437966.01
2021-09-19,1.0023619014,1.0121491941,1.0004158428,1.0047470736,1.0012358796,0,73254271.19,3112153140.01,0.9931506975056036,1.0068493024943963,2616126499.09,2603766229.13
2021-09-20,1.0049053334,1.0061238773,0.9969572116,1.0012358796,1.0000554001,0,196291697.82,3257859766.190001,0.9932543696645479,1.006745630335452,2632634201.1,2629384598.27
2021-09-21,0.9980078383,1.0062947746,0.9925815594,1.0000554001,1.0005407953,0,136203114.54,3338303107.5800014,0.9933089941268245,1.0066910058731755,2641005357.53,2640859053.8
2021-09-22,1.002087413,1.0073854797,0.9977175862,1.0005407953,1.0023263134,0,120476787.73,3387001018.6100006,0.9933412165582125,1.0066587834417875,2635302889.52,2633878500.37
2021-09-23,1.0009298362,1.0063179038,0.9962683713,1.0023263134,1.0013787416,0,80979353.65,3320907726.230001,0.9932973316567233,1.0067026683432767,2655117296.76,2648954997.31
2021-09-24,1.0019200701,1.00639041,0.9944571683,1.0013787416,1.0018257703,0,146921596.05,3394963275.2200007,0.9933464262802782,1.0066535737197218,2663682615.36,2660015141.95
2021-09-25,1.0015630784,1.0063076225,0.995965755,1.0018257703,1.0026139448,0,77218096.3,3407849582.2000012,0.9933548233931074,1.0066451766068927,2664657506.98,2659801320.65
2021-09-26,1.0018689134,1.0115720834,0.9929951408,1.0026139448,1.0023692026,0,82019517.87,3387846937.530001,0.9933417708197526,1.0066582291802475,2663459678.29,2656515692.97
2021-09-27,1.0015781763,1.0073166982,0.9974959955,1.0023692026,1.0009462898000001,0,81052568.39,3393216419.2400007,0.9933452847044925,1.0066547152955074,2665917772.49,2659616601.82
2021-09-28,1.003166152,1.004094371,0.9983716222,1.0009462898000001,1.0009210307,0,75282691.2,3408910835.680001,0.993355513051192,1.006644486948808,2667146799,2664625291.14
2021-09-29,1.0014725623,1.0034491275,0.9977425472,1.0009210307,1.0007002127,0,74624531.37,3411261120.9700007,0.9933570393711479,1.006642960628852,2677388699.96,2674925011.97
2021-09-30,1.0016071945,1.0029226928,0.9976557621,1.0007002127,1.0012407977,0,66496676.93,3395362424.2900004,0.9933466870155111,1.0066533129844888,2674722463.11,2672850898.93
2021-10-01,1.0000282168,1.0038370391,0.9979545251,1.0012407977,1.0032704679,0,92701948.47,3409434985.0099998,0.9933558535652737,1.0066441464347264,2672868516.84,2669556137.76
2021-10-02,1.0011674484,1.0045301894,0.9987648387,1.0032704679,1.0028083066,0,74683523.66,3410809501.6499996,0.9933567461898217,1.0066432538101782,2678949871.11,2670217012.15
2021-10-03,1.001944719,1.0069270236,0.9969256928,1.0028083066,1.0020361354,0,88415004.09,3431571226.6699996,0.9933701709931814,1.0066298290068185,2679938223.78,2672433211.88
2021-10-04,1.0033187211,1.0071247404,0.9966463882,1.0020361354,1.002638555,0,107566303.71,3505203899.2599998,0.9934169234592237,1.0065830765407762,2689789684.44,2684324037.16
2021-10-05,1.0015873603,1.0049292165000001,0.9989461548,1.002638555,1.001811995,0,82910456.42,3538128038.42,0.9934374067885304,1.0065625932114695,2691859615.06,2684775686.63
2021-10-06,1.0026942019,1.0052497608,0.9968905366,1.001811995,1.002261227,0,76537989.88,3549334533.26,0.9934443208737279,1.0065556791262722,2697685096.43,2692805745.82
2021-10-07,1.0002990852,1.0083364888,0.9945500345,1.002261227,1.0021974024,0,106774875.14,3438100793.9799995,0.993374370729353,1.006625629270647,2714545550.45,2708421195.26
2021-10-08,1.0021723363,1.0044564175,0.9978571251,1.0021974024,1.0014145456,0,101168485.21,3405034183.8199997,0.9933529924114444,1.0066470075885556,2725866054.22,2719889362.7
2021-10-09,1.00247222,1.003832251,0.9993867872,1.0014145456,1.0002149493,0,50272233.12,3333635340.709999,0.9933058726606567,1.0066941273393433,2726892555.59,2723040690.33
2021-10-10,1.001534721,1.0037364614,0.9981484554,1.0002149493,1.002558446,0,65088768.7,3115890610.729999,0.9931534371513744,1.0068465628486256,2721676031.86,2721091135.16
2021-10-11,1.0002554449,1.0031349863,0.9974779599,1.002558446,1.0013863713,0,70798346.17,3039382478.4399996,0.9930964647272406,1.0069035352727593,2734046039.67,2727068980.99
2021-10-12,1.0028422547,1.0058225396,0.9982650694,1.0013863713,1.0016117321,0,72271051.7,3005861480.2099996,0.9930708970761501,1.0069291029238499,2730383334.12,2726603249.64
2021-10-13,1.0014989024,1.005094946,0.9987463663,1.0016117321,1.0016111555,0,55017563.65,2918080040.8799996,0.9930021021295287,1.0069978978704712,2732536315.05,2728139285.28
2021-10-14,1.0014931938,1.00349596,0.9994008491,1.0016111555,1.0005460522,0,61244659.07,2781151947.19,0.9928890914352339,1.007110908564766,2733567980.18,2729170861.59
2021-10-15,1.0016323534,1.0025637126,0.9981779286,1.0005460522,1.0009780174,0,65947115.46,2690083768.4500003,0.9928097377280632,1.0071902622719369,2732106150.79,2730615092.5
2021-10-16,1.0003345944,1.0076803956,0.9962364117,1.0009780174,1.0019318663,0,58121465.77,2591987163.0500007,0.992720150775961,1.007279849224039,2731815100.29,2729145948.12
2021-10-17,1.0002649137,1.0036390406,0.9982418937,1.0019318663,1.0018698714,0,35402306.9,2540720872.1700006,0.9926715125541471,1.0073284874458528,2735863672.03,2730588540.07
2021-10-18,1.0020351766,1.0028062509,0.9988784085,1.0018698714,1.0015018163,0,45376177.1,2521119177.2600007,0.9926525685759624,1.0073474314240376,2740537088.95,2735422201.17
2021-10-19,1.001999476,1.0024263445,0.9996716572,1.0015018163,1.0008359589,0,50949619.19,2498814525.26,0.9926307720140738,1.0073692279859263,2739316077.63,2735208297.22
2021-10-20,1.0014041632,1.0043069738,0.9982673665,1.0008359589,1.0018607131,0,73690486.9,2376213314.3400006,0.992506152372368,1.007493847627632,2733682861.21,2731399523.49
2021-10-21,1.0008483316,1.0059068775,0.998628229,1.0018607131,1.0008345085,0,77342161.16,2317352360.9600005,0.9924432339847661,1.0075567660152338,2739529500.32,2734441489.35
2021-10-22,1.0017376652,1.005400358,0.9978045121,1.0008345085,1.0039526053,0,118603082.13,2315478655.3600006,0.9924411962005919,1.007558803799408,2736627024.35,2734345190.18
2021-10-23,1.0017257511,1.0053254702,1.0000193266,1.0039526053,1.002042446,0,83592128.23,2318091429.9400005,0.9924440371692206,1.0075559628307793,2752546287.14,2741709392
2021-10-24,1.0040361058,1.006624632,1.0013089639,1.002042446,1.0028318086,0,66346206.94,2237516040.8300004,0.9923544051433325,1.0076455948566676,2751085291.39,2745477801.3
2021-10-25,1.001896825,1.0048635636,1.0009109309,1.0028318086,1.0028359276,0,80407390.42,2240705334.9500003,0.9923580343024875,1.0076419656975126,2760315528.84,2752520916.47
2021-10-26,1.0028378049,1.0053734478,1.0013170745,1.0028359276,1.001374558,0,93202881.98,2251888699.0600004,0.9923707058512297,1.0076292941487703,2767915702.1,2760088291.45
2021-10-27,1.0032593987,1.0065527319,0.9960864244,1.001374558,1.0027081771,0,137611148.91,2308447279.5800004,0.9924335294427948,1.0075664705572052,2747634910.91,2743863311.77
2021-10-28,1.001248444,1.0048349036,0.9996659737,1.0027081771,1.0007040858,0,108642781.95,2341807370.33,0.9924696306649581,1.007530369335042,2765207020.08,2757738575.71
2021-10-29,1.0026991989,1.0041235847,0.9989574479,1.0007040858,1.0024773612,0,122752046.36,2389934885.32,0.9925205216318078,1.0074794783681922,2776513144.72,2774559616.57
2021-10-30,1.000673609,1.0059801509,0.9990631322,1.0024773612,1.0023062946,0,81213837.29,2404652045.680001,0.9925358117187048,1.0074641882812954,2787656450.1,2780767484.52
2021-10-31,1.0032772583,1.0055186429,0.9978015483,1.0023062946,1.0018083147,0,84817937.78,2396768034.9900007,0.9925276363575868,1.0074723636424132,2789856661.55,2783437235.26
2021-11-01,1.0021498108,1.0042686981,0.9992864979,1.0018083147,1.0023095001,0,80230826.95,2402315338.2800007,0.9925333923899191,1.0074666076100809,2807102342.84,2802035381.11
2021-11-02,1.0019710093,1.004461521,1.0013099478,1.0023095001,1.0044104283,0,92334912.88,2406235247.0700006,0.992537449118316,1.007462550881684,2818396123.51,2811902035.57
2021-11-03,1.002572272,1.0091461979,0.9998931292,1.0044104283,1.0038882282,0,154406699.68,2453075643.04,0.9925852527224707,1.0074147472775292,2835568479.42,2823117322.98
2021-11-04,1.0040660356,1.006782479,1.0001643753,1.0038882282,1.003382505,0,122429672.05,2492594858.67,0.9926246477307746,1.0073753522692253,2852036610.95,2840990192.9
2021-11-05,1.0036891614,1.0050764588,1.0004959973,1.003382505,1.0028892852,0,85612322.98,2501669191.77,0.9926335761011968,1.0073664238988032,2871094001.27,2861415249.93
2021-11-06,1.003442735,1.0050249549,1.0006168379,1.0028892852,1.0033006071,0,74937146.89,2469831463.52,0.9926020584838386,1.0073979415161614,2871626360.94,2863353316.45
2021-11-07,1.0026602186,1.0048415721,1.0002554854,1.0033006071,1.0026789974,0,72169585.21,2440832563.52,0.9925728760738796,1.0074271239261205,2875855888.98,2866395045.22
2021-11-08,1.0031466968,1.0038362139,1.0012851565,1.0026789974,1.0038707137,0,128477500.34,2519037830.7400002,0.9926505455362176,1.0073494544637824,2879684244.63,2871990190.29
2021-11-09,1.0025924641,1.0049777271,1.0023480201,1.0038707137,1.0037715659,0,99833868.19,2553782930.23,0.9926840284702145,1.0073159715297855,2884036853.07,2872916615.33
2021-11-10,1.0039633471,1.0364803797,0.9800872538,1.0037715659,1.0042276822,0,172127196.39,2655111780.45,0.9927783063152493,1.0072216936847507,3240382821.81,3228207424.61
2021-11-11,1.0037447791,1.0058990089,1.0011111887,1.0042276822,1.0034394404,0,100877070.51,2683717799.26,0.9928040569465414,1.0071959430534585,3671363571.67,3655907556.22
2021-11-12,1.0042218557,1.0062920689,1.0020019676,1.0034394404,1.0077274139,1,109410563.84,2738110799.4500003,0.9928520255093808,1.0071479744906193,4123106957.09,4108974384.73
2021-11-13,1.0037574503,1.0087894866,1.0022212887,1.0077274139,1.0067272363,0,57451591.39,2734317731.77,0.9928487217938753,1.0071512782061247,4569319852.19,4534281581.81
2021-11-14,1.0076958233,1.0096066792,1.0039656029,1.0067272363,1.0049677817,0,56374445.84,2724745062.15,0.9928403568753389,1.0071596431246612,4997330751.31,4963937173.03
2021-11-15,1.0067498457,1.0077236827,1.0029121758,1.0049677817,1.0049003432,0,91348427.92,2757972024.3,0.9928692253075225,1.0071307746924776,5433176006.89,5406318596.47
2021-11-16,1.0056015716,1.0408849040000001,0.9761278008,1.0049003432,1.0032074873,0,181740853.79,2904310571.1900005,0.9929910604425956,1.0070089395574044,5814751497.67,5786396170.71
2021-11-17,1.0041665548,1.0306772209,1.0000173196,1.0032074873,1.0024884831,0,106378932.19,2965313326.2800007,0.993039456741267,1.006960543258733,6174335512.38,6154594727.86
2021-11-18,1.0027027853,1.0051528444,0.9969586066,1.0024884831,1.0021447075,0,205712172.93,3120075880.0200005,0.9931564998473222,1.0068435001526779,6538363995.99,6522133776.33
2021-11-19,1.0024060595,1.0045298918,0.9986096141,1.0021447075,1.0011180913,0,111277237.03,3157662630.1500006,0.9931837618209444,1.0068162381790555,6898552011.44,6883788298.98
2021-11-20,1.0019224593,1.0036041178,0.9903911456,1.0011180913,1.0019926598,0,78354713.4,3158675182.390001,0.9931844902418229,1.0068155097581772,7171133100.78,7163124073.91
2021-11-21,1.0010839789,1.0039935505,0.9991362117,1.0019926598,1.0025169083,0,75907887.9,3115979988.1600003,0.9931535026132885,1.0068464973867115,7180575046.53,7166295058.61
2021-11-22,1.0021665407,1.0067790567,0.9993797561,1.0025169083,1.0008684821,0,112244861.02,3144632720.9500003,0.9931743603439304,1.0068256396560695,7200154981.88,7182078349.25
2021-11-23,1.0021511291,1.0042323239,0.9670553341,1.0008684821,1.0004449457,0,102418394.69,3180704908.7000003,0.9932002615664748,1.0067997384335252,7202292141.47,7196042507.19
2021-11-24,1.0007063814,1.0041587298,0.9987009425,1.0004449457,1.0020540897,0,101422088.31,3201719606.59,0.9932151710780177,1.0067848289219823,7199426485.74,7202238442.75
2021-11-25,1.0021620275,1.0040094329,1.0005120223,1.0020540897,1.002259642,0,105919545.38,3214436269.9900007,0.9932241300791541,1.006775869920846,7229802160.71,7264002420.67
2021-11-26,1.0025927722,1.0069613509,0.9975708681,1.002259642,1.0017780243,0,152844579.77,3229669700.8500004,0.993234800154648,1.006765199845352,7351470275.99,7334896036.7
2021-11-27,1.0014156653,1.004679728,0.9938656738,1.0017780243,1.0017361157,0,79413422.14,3200440341.0400004,0.9932142671980535,1.0067857328019465,7409813620.72,7396662175.99
2021-11-28,1.0021229889,1.0042546792,0.9992289221,1.0017361157,1.0015253341,0,120841901.95,3198530196.63,0.9932129166662557,1.0067870833337442,7465568837.51,7452630209.48
2021-11-29,1.0015762287,1.0116101484,0.9977105667,1.0015253341,1.0097814346,1,129613957.24,3246930316.58,0.9932468093484678,1.0067531906515321,7534010090.59,7522535710.4
2021-11-30,1.0014531271,1.0114820172,0.9997239902,1.0097814346,1.0036832741,0,196396711.72,3358509090.5199995,0.9933224396161299,1.00667756038387,7648009010.69,7573925157.06
2021-12-01,1.00935707,1.009841015,1.0006459407,1.0036832741,1.0025281658,0,152818400.76,3431096664.33,0.9933698653453151,1.0066301346546849,7673463666.1,7645303916.04
2021-12-02,1.0032939702,1.0065731341,0.9960030162,1.0025281658,1.0017376107,0,211124016.68,3549885768.1299996,0.9934446602185437,1.0065553397814564,7766116133.28,7746531616.88
2021-12-03,1.0030871526,1.0050921198,0.9974298524,1.0017376107,1.0006316191,0,257860476.92,3653339545.3699994,0.9935071307997827,1.0064928692002173,7876113420.03,7862451540.38
2021-12-04,1.0012775775,1.0058148061,0.9914064955,1.0006316191,1.0012905513,0,382071234.98,3912981108.299999,0.9936540387438721,1.0063459612561279,7984786792.48,7979746632.07
2021-12-05,1.0021049098,1.0066481996,0.9959319329,1.0012905513,1.0003127489,0,246092858.5,4073461643.8199997,0.9937384941659123,1.0062615058340878,8141621671.3,8131128033.78
2021-12-06,1.0011006824,1.0051186122,0.9980084779,1.0003127489,1.0035559292,0,242761454.66,4241285951.589999,0.993822195671124,1.006177804328876,8239359377.03,8236783331.97
2021-12-07,1.0005151894,1.00541132,0.99811333310000006,1.0035559292,1.0018781996,0,163771223.06,4332887589.44,0.9938660411336916,1.0061339588663083,8341512069.13,8311955344.4
2021-12-08,1.0034268633,1.0040299834,0.9979998162,1.0018781996,1.0024147804,0,169769678.66,4374179767.76,0.9938854036765803,1.0061145963234197,8461633175.72,8445770333.5
2021-12-09,1.0005305294,1.0048162348,0.9972348473,1.0024147804,1.0031669564,0,205336375.17,4479682274.739999,0.9939337878316956,1.0060662121683044,8573065822.93,8552413622.46
2021-12-10,1.0020108572,1.0056242964,0.997625748,1.0031669564,1.0016857135,0,203536979.7,4511092058.049999,0.9939478998879437,1.0060521001120564,8653467701.08,8626149062.89
2021-12-11,1.0016160759,1.0048516553,0.9982054895,1.0016857135,1.0016912899,0,164958270.62,4575173258.16,0.9939762886654869,1.006023711334513,8655147622.87,8640582076.69
2021-12-12,1.0011694579,1.0029202078,0.9990431952,1.0016912899,1.0009854481,0,83013091.68,4548775786,0.9939646588587742,1.006035341141226,8678717601.59,8664064157.29
2021-12-13,1.0007052644,1.0042066167,0.9988136607,1.0009854481,1.0017903028,0,172640996.91,4663965191.5199995,0.9940147600442573,1.0059852399557427,8725869017.48,8717278591.79
2021-12-14,1.0014720999,1.007293772,0.9983394832,1.0017903028,1.0008639175,0,139220990.37,4746811736.05,0.9940497849212828,1.0059502150787172,8777306036.82,8761620083.73
2021-12-15,1.0010877372,1.0027564758,0.9985296348,1.0008639175,1.0015351142,0,160438192.1,4815901500.23,0.9940783763612304,1.0059216236387696,8801867989.91,8794270466.06
2021-12-16,1.0011804659,1.0028729714,0.9993098859,1.0015351142,1.0014997446,0,122734463.54,4756895109.98,0.9940539921955475,1.0059460078044526,8811484718.37,8797978816.32
2021-12-17,1.0011647442,1.0029767399,0.9990191243,1.0014997446,1.0008878968,0,140238919.64,4790755097.43,0.9940680336802696,1.0059319663197304,8823977728.82,8810763833.46
2021-12-18,1.0013707216,1.0048657121,0.9994957359,1.0008878968,1.0017230978,0,219187505.3,4804230429.8,0.9940735850425589,1.0059264149574412,8906996177.36,8899094699.81
2021-12-19,1.0010992155,1.0043621793,0.9997970871,1.0017230978,1.0019731724,0,122647213.72,4815600406.49,0.9940782529479832,1.0059217470520168,8983247661.21,8967795272.56
2021-12-20,1.0016939598,1.0045212751000001,0.998812914,1.0019731724,1.0072152645,1,192344722.3,4929590415.389999,0.9941242534470062,1.0058757465529937,9127595911.73,9109621059.18
2021-12-21,1.0015314914,1.0072664518,0.9997534442,1.0072152645,1.0019489408,0,196244003.16,5049926530.65,0.9941713007550464,1.0058286992449537,9332182768.31,9265330954.34
2021-12-22,1.0073043924,1.0074060802,1.0008239479,1.0019489408,1.0018174194,0,235102412.49,5172784082.119999,0.9942178163271455,1.0057821836728547,9455978771.72,9437585476.8
2021-12-23,1.0019884491,1.0042177025,0.9995232239,1.0018174194,1.002696059,0,180650229.08,5251015916.509999,0.9942466752540268,1.0057533247459731,9595007975.77,9577601457.08
2021-12-24,1.0021381255,1.0048708111,0.9996843534,1.002696059,1.0014990658,0,230405461.84,5379999290.039999,0.9942930255632935,1.0057069744367066,9770583184.1,9744311944.45
2021-12-25,1.0023807351,1.0084604764,0.9970297874,1.0014990658,1.0020902998,0,145681878.26,5419761622.919999,0.9943070163282558,1.005692983671744,9879523640.49,9864735752.75
2021-12-26,1.0010210659,1.0049982654,0.9982626197,1.0020902998,1.0005148198,0,128412369.46,5395329412.61,0.994298435897829,1.005701564102171,9952448734.27,9931688527.37
2021-12-27,1.002184269,1.0035037664,0.9991020882,1.0005148198,1.0022390914,0,137566700.82,5453482691.289999,0.9943187745966509,1.0056812254033491,10009575311.75,10004424835.37
2021-12-28,1.0005600436,1.0031106346,0.9991079225,1.0022390914,1.0014233729,0,139518951.51,5472159740.849999,0.9943252455016615,1.0056747544983387,10056424372,10033957424.68
2021-12-29,1.002243932,1.0033474612,0.9992698637,1.0014233729,1.0019844193,0,157592551.5,5500138335.11,0.9943348841462005,1.0056651158537995,10079440005.7,10065113595.91
2021-12-30,1.0010190187,1.0029501047,0.9997304957,1.0019844193,1.0014399111,0,110621928.36,5414363551.749999,0.994305125005696,1.005694874994304,10117714194.28,10097676170.75
2021-12-31,1.0017478691,1.0023266094,0.9989237129,1.0014399111,1.0007569556,0,135703578.51,5397248729.5,0.9942991118228077,1.0057008881771923,10137119504.07,10122543941.1
2022-01-01,1.0016571888,1.0022042965,0.9984068241,1.0007569556,1.0009960124,0,126635767.43,5312760480.25,0.9942690504179673,1.0057309495820326,10133538279.89,10125873442.99
2022-01-02,1.0008985713,1.0025020289,0.9982286692,1.0009960124,1.002165426,0,105343504.02,5160243507.350001,0.9942131361057842,1.0057868638942158,10138860625.02,10128772241.79
2022-01-03,1.0009734334,1.0033930503,0.9985485288,1.002165426,1.0004499232,0,139323546.94,4917495819.31,0.9941194402519733,1.0058805597480267,10242171774.2,10220041031.84
2022-01-04,1.0023713637,1.003332681,0.9990556096,1.0004499232,0.9992270206,0,156135382.89,4827538343.700001,0.994083138239536,1.005916861760464,10310683119.31,10306046189.68
2022-01-05,1.0005457726,1.0049407816,0.9976042713,0.9992270206,1.0001158308,0,257590385.3,4842367274.34,0.9940891842114116,1.0059108157885883,10341148015.98,10349147693.74
2022-01-06,0.9993035718,1.0043211958,0.9971965832,1.0001158308,1.0004331922,0,256685806.62,4935281857.9,0.994126512982732,1.0058734870172679,10389554234.63,10388350943.27
2022-01-07,0.9999813729,1.0066374073,0.9956184847,1.0004331922,0.9999079507,0,357359658.33,5122871837.57,0.9941990983416779,1.0058009016583223,10429058743.57,10424542912.9
2022-01-08,1.0004489879,1.0034846811,0.9973247536,0.9999079507,0.9968495452,0,251212471.23,5168747933.629999,0.9942163116635914,1.0057836883364086,10437514216.81,10438475071.41
2022-01-09,0.9999559829,1.0077458895,0.9951015226,0.9968495452,0.9970154101,0,195938018.14,5161148972.07,0.9942134745386652,1.0057865254613347,10409928845.71,10442828504.53
2022-01-10,0.9968705852,1.0047131205,0.9954679671,0.9970154101,0.9982700575,0,269082498.83,5265273200.28,0.9942518728907707,1.0057481271092292,10462290685.64,10493609807.19
2022-01-11,0.9970299819,1.0022325531,0.9961444349,0.9982700575,0.9982821375,0,213726288.88,5395986397.48,0.9942986673039834,1.0057013326960165,10520584263.27,10538815809.15
2022-01-12,0.9982813216,1.0019743387,0.9944366349,0.9982821375,1.0002024444,0,225667923.92,5449013324.49,0.9943172217441932,1.0056827782558069,10534484878.69,10552612816.95
2022-01-13,0.9982200338,1.0035501521,0.9964830167,1.0002024444,0.9967698686,0,221139757.24,5530932091.36,0.9943454173289462,1.0056545826710537,10594044877.11,10591900606.33
2022-01-14,1.0002212127,1.0087403333,0.9963198752,0.9967698686,0.999215096,0,196068559.76,5566562459.0199995,0.9943575077505127,1.0056424922494873,10590833436.32,10625154080.31
2022-01-15,0.9967846951,1.0022762822,0.9967107454,0.999215096,0.9999960971,0,160494615.54,5604322611.0199995,0.9943702087608105,1.0056297912391896,10638330252.75,10646686879.42
2022-01-16,0.9993044502,1.0053476175,0.9967965051,0.9999960971,1.0006977091,0,135328632.45,5599412323.829999,0.9943685635991659,1.005631436400834,10683764539.78,10683806237.85
2022-01-17,1.0000608391,1.0041123259,0.9962967196,1.0006977091,0.9983438879,0,199173906.68,5579398725.209999,0.9943618382140323,1.0056381617859675,10746028406.66,10738536032.02
2022-01-18,1.0006417227,1.0051138942,0.9974782915,0.9983438879,1.0028148135,0,299162664.05,5755914175.54,0.9944200724068697,1.0055799275931303,10729083405.41,10746881446.05
2022-01-19,0.9983875191,1.0058050253,0.9939284289,1.0028148135,1.0042282139,0,278599495.5,5842168948.74,0.9944476696718119,1.0055523303281881,10824541027.98,10794157488.08
2022-01-20,1.002954584,1.0055934885,0.9975108181,1.0042282139,0.9997258521,0,200831237.72,5846756183.300001,0.99444912212993275,1.0055508778700673,10879131674.43,10833326054.85
2022-01-21,1.0044067964,1.0078002273,0.9947147675,0.9997258521,0.9981276435,0,717088469.17,6328742239.9800005,0.994593773993352,1.0054062260066479,10924946188.33,10927942060.18
2022-01-22,0.9997445182,1.0038576072,0.9948679687,0.9981276435,1.0000401389,0,827568324.31,6975660335.210001,0.9947663474009476,1.0052336525990524,10978656361.14,10999250879.8
2022-01-23,0.9983555628,1.0030577642,0.9960528843,1.0000401389,1.0004264817,0,340918782.07,7086173655.440001,0.9947936974422867,1.0052063025577131,11095466743.11,11095021400.65
2022-01-24,1.000006793,1.0054709006,0.9958261257,1.0004264817,1.0003695787,0,703344270.93,7643836048.110001,0.9949235176695759,1.0050764823304241,11170857460.77,11166095325.67
2022-01-25,1.0005081167,1.0038579229,0.9948960616,1.0003695787,1.0003256537,0,401486401.69,7916910080.339999,0.9949825687633848,1.0050174312366154,11189685321.87,11185551380.16
2022-01-26,1.0001354825,1.004715521,0.9948469299,1.0003256537,0.9964859731,0,486089747.05,8265433126.57,0.9950541061121989,1.004945893887801,11201726234.93,11198079539.45
2022-01-27,1.0002333802,1.0061473201,0.9954405575,0.9964859731,0.9951491453,1,879464065.62,9005378240.680002,0.9951934586763261,1.004806541323674,11211206711.11,11250742121.2
2022-01-28,0.9967344514,0.9999674194,0.9885030652,0.9951491453,1.0003946551,0,2709127514.44,11556913203.62,0.9955769751151813,1.0044230248848187,11213392616.85,11268052301.41
2022-01-29,0.9950557047,1.0017066191,0.9950373585,1.0003946551,0.9997874459,0,728528587.28,12174819862.54,0.9956531049790902,1.0043468950209098,11265156926.08,11260712828.7
2022-01-30,1.0005071475,1.003631573,0.9963633603,0.9997874459,0.9980309088,0,298851398.33,12337967682.360003,0.9956723500591179,1.0043276499408822,11263690537.38,11266085189.6
2022-01-31,0.9998629581,1.0010652689,0.9950063214,0.9980309088,1.0025365123,0,333050048.9,12544381963.83,0.9956962182110893,1.0043037817889107,11248472630.34,11270665599.15
2022-02-01,0.9979232098,1.0042677524,0.9956393966,1.0025365123,1.0009360435,0,287335185.68,12726373645.49,0.9957168319918799,1.0042831680081201,11294484656.58,11265908541.02
2022-02-02,1.0024958166,1.0034129962,0.9952252095,1.0009360435,0.9992440325,0,220522061.82,12807572160.369999,0.9957259027835612,1.0042740972164388,11283131255.22,11272579629.89
2022-02-03,1.0009139647,1.0030974527,0.99530588,0.9992440325,1.0012363356,0,288814118.39,12940250895.869999,0.9957405606925807,1.0042594393074193,11270669842.82,11279196549.16
2022-02-04,0.9989714634,1.0020243483,0.9968723128,1.0012363356,1.0017799343,0,360633692.82,13043294203.39,0.9957518070236904,1.0042481929763096,11286969710.64,11273032459.01
2022-02-05,1.0012728094,1.0048686902,0.9982605767,1.0017799343,1.0022399885,0,246715758.71,13033324155.479998,0.9957507240589346,1.0042492759410653,11293183085.94,11273117676.92
2022-02-06,1.0018059381,1.0035028404,0.9981714601,1.0022399885,1.0014002381,0,167274345.46,12843238842.609997,0.9957298629528649,1.0042701370471352,11299508167.99,11274253968.93
2022-02-07,1.0022087908,1.0033373619,0.9975671049,1.0014002381,1.0000265916,0,361508928.31,12953535299.689997,0.995742017269612,1.004257982730388,11276743982.44,11260975934.88
2022-02-08,1.0015090054,1.0035626108,0.9974287656,1.0000265916,0.9999337758,0,309046889.51,13066644171.059998,0.9957543390258637,1.0042456609741364,11256712770.42,11256413444.57
2022-02-09,0.9998941299,1.0037636761,0.9975185771,0.9999337758,1.0020027835,0,224315813.72,13021877485.949997,0.9957494793379548,1.0042505206620451,11255788312.71,11256533767.76
2022-02-10,0.9999464441,1.004172228,0.9973132255,1.0020027835,1.0021315635,0,320751876.63,13128903073.699995,0.9957610608142968,1.0042389391857032,11280420115.3,11257873032.9
2022-02-11,1.0020508629,1.0060824207,0.9973552453,1.0021315635,1.0027555093,0,323978340.92,13227213490.699995,0.9957715888217754,1.0042284111782245,11345945408.53,11321812246.74
2022-02-12,1.0022087533,1.0042681527,0.9996898016,1.0027555093,1.0016955565,0,243428856.11,13249502589.569996,0.9957739612472857,1.0042260387527142,11435155165.36,11403732075.43
2022-02-13,1.0026749758,1.0058573116,0.997488792,1.0016955565,1.0016521037,0,221814980.83,13275249010.639996,0.995776695051353,1.0042233049486469,11501488897.17,11482020482.32
2022-02-14,1.0019336984,1.0043537905,0.9952932896,1.0016521037,0.9996828435,0,309047532.25,13423801927.349997,0.9957923317762547,1.0042076682237453,11579339468.76,11560240752.15
2022-02-15,1.0016293919,1.0035386962,0.997322848,0.9996828435,0.999309891,0,406108093.15,13694581388.049995,0.9958202489758219,1.0041797510241781,11631033874.27,11634723902.36
2022-02-16,0.9998720363,1.0033984395,0.9973038773,0.999309891,1.0011788561,0,360210747.25,13855618228.619997,0.9958365051623971,1.004163494837603,11708671450.46,11716757290.32
2022-02-17,0.9990680655,1.0035806708,0.9975371376,1.0011788561,1.0041646555,1,350189041.33,13906644605.899996,0.9958416036467096,1.0041583963532905,11824781834.56,11810858532.28
2022-02-18,1.0013699953,1.0060576907,0.9993234017,1.0041646555,1.0037305338,0,397256617.28,14025301727.679996,0.9958533638550154,1.0041466361449847,11983882945.19,11934181191.37
2022-02-19,1.0042488649,1.0050719321,0.9988640411,1.0037305338,1.0003686232,0,273702124.56,14098172614.519995,0.995860520602221,1.0041394793977791,12084762647.75,12039847589.51
2022-02-20,1.0036595035,1.0079214168,0.9988158116,1.0003686232,1.0020054976,0,323113696.79,13704197842.139997,0.9958212268705673,1.0041787731294327,12073172506.85,12068723695.39
2022-02-21,1.0002384471,1.0100231425,0.9987668711,1.0020054976,1.0047103994,1,446456030.9,13323085548.73,0.9957817557050321,1.0042182442949679,12157283586.08,12132950981.75
2022-02-22,1.0020642745,1.0075754724,0.9983868966,1.0047103994,1.0043469626,1,417702652.04,13399869418.699999,0.9957898282651763,1.0042101717348237,12264099728.64,12206601759.48
2022-02-23,1.0047584583,1.0075545378,0.9992736851,1.0043469626,1.0007943162,0,504447657.55,13200972805.320002,0.9957687889531351,1.0042312110468647,12361418287.52,12307916236.29
2022-02-24,1.0044851987,1.0127498336,0.9910138303,1.0007943162,1.0034683897,0,815186444.71,13614672848.34,0.9958120875242551,1.004187912475745,12466126563.7,12456232376.23
2022-02-25,1.0005666959,1.0150341802,1.0000462556,1.0034683897,1.0037595351,0,589360458.46,13717943559.75,0.9958226230815795,1.0041773769184206,12618554684.2,12574939892.15
2022-02-26,1.0034736237,1.0059152372,0.9996976059,1.0037595351,1.0039139117,0,487883181.24,13326362675.37,0.9957821015071686,1.0042178984928314,12735970414.76,12688268423.71
2022-02-27,1.0037083841,1.0055774225,0.996761705,1.0039139117,1.0033419995,0,347270034.49,10964505195.419998,0.9954987100647263,1.0045012899352737,12872208310.72,12822024040.32
2022-02-28,1.0039294028,1.0065105245,0.9998136803,1.0033419995,1.00286974,0,626887848.66,10862864456.8,0.9954847145278245,1.0045152854721755,12967430321.85,12924237526.72
2022-03-01,1.003379871,1.0054573286,0.9994271682,1.00286974,1.0033929328,0,673678439.9,11237691498.369999,0.9955354848796171,1.0044645151203828,13073665688.7,13036255026.53
2022-03-02,1.0028794967,1.0058447948,0.9990553402,1.0033929328,1.0049040948,1,639513825.05,11544155274.519999,0.995575346358404,1.0044246536415962,13219509072.59,13174807835.01
2022-03-03,1.0034243686,1.0084178845,0.9988164757,1.0049040948,1.0061764472,1,698973210.78,11955793299.619999,0.9956267208394104,1.0043732791605897,13373711105.06,13308445228.25
2022-03-04,1.0051815026,1.0098487551,0.9982825214,1.0061764472,1.0065574183,1,663641731,12398912968.8,0.9956794523804505,1.0043205476195494,13522812233.39,13439802005.52
2022-03-05,1.0061514515,1.0081345798,1.001327246,1.0065574183,1.0038029443,0,495548043.03,12605646893.44,0.9957032018326596,1.0042967981673405,13652019457.63,13563080663.72
2022-03-06,1.006591168,1.0091436299,0.9991321917,1.0038029443,0.9985065519,0,415314313.33,12660327513.95,0.9957093967924612,1.004290603207539,13742731104.61,13690666263.7
2022-03-07,1.0037039361,1.0131145105,0.9916288063,0.9985065519,1.0036071459,0,569446274.21,12983058029.45,0.9957452471886201,1.0042547528113799,13796677904.61,13817313345.13
2022-03-08,0.9984114306,1.0096271003,0.9753916741,1.0036071459,1.0051898856,1,537500440.72,13353284124.710001,0.9957849379713549,1.004215062028645,14017779757.49,13967397317.13
2022-03-09,1.0036837014,1.0072275133,0.9995961798,1.0051898856,1.0050155578,1,843844881.03,13835620077.43,0.9958345001416623,1.0041654998583378,14182185937.51,14108962038.08
2022-03-10,1.005169873,1.0071536162,0.9988908183,1.0050155578,1.0039838358,0,655263726.9,14181836914.820002,0.995868676807701,1.004131323192299,14328916066.93,14257407216.61
2022-03-11,1.0050864761,1.0075068099,1.0007693775,1.0039838358,1.0029279551,0,505556920.18,14463078021.28,0.9958956307646283,1.0041043692353717,14459066128.17,14401692151.5
2022-03-12,1.0041012707,1.0066098386,1.0023980824,1.0029279551,1.0029407464,0,350360633.68,14492686778.33,0.9958984277644006,1.0041015722355995,14576597586.7,14534042562.94
2022-03-13,1.0029130649,1.0038251647,1.0023406516,1.0029407464,1.0040185965,0,395456371.34,14564164808.750002,0.9959051486722215,1.0040948513277785,14658438075.21,14615457720.3
2022-03-14,1.0029768036,1.0050658655,1.001912779,1.0040185965,1.003192742,0,459954662.4,14780690615.04,0.9959252425936206,1.0040747574063795,14746179968.19,14687158206.14
2022-03-15,1.0038945751,1.0040085196,1.0020752974,1.003192742,1.0034472028,0,626360709.9,15185236344.109999,0.9959617535982727,1.0040382464017272,14894014971.98,14846613564.61
2022-03-16,1.0030002934,1.005530852,1.0006303413,1.0034472028,1.0037422843,0,660889303.34,15537078115.199999,0.9959924690637286,1.0040075309362715,15037400450.45,14985741560.72
2022-03-17,1.0034083909,1.0055362984,1.0013774068,1.0037422843,1.0032281294,0,467567794.06,15598537816.109997,0.9959977393407562,1.0040022606592438,15173319304.94,15116748136.02
2022-03-18,1.003812645,1.005986615,0.9994852811,1.0032281294,1.0039368276,0,496104164.29,15734431233.149998,0.9960092947676658,1.0039907052323342,15285295122.59,15236110984.48
2022-03-19,1.0031656893,1.0060580128,1.00149938,1.0039368276,1.0037573009,0,373394667.03,15757636858.85,0.9960112547127468,1.0039887452872533,15350395283.68,15290200400.69
2022-03-20,1.0039126365,1.0054891764,1.0005585104,1.0037573009,1.0012536395,0,330755661.22,15691135902.789999,0.996005627724187,1.003994372275813,15439586892.3,15381792868.53
2022-03-21,1.0038071514,1.005519796,0.9977395459,1.0012536395,1.0018552799,0,519038342.29,15936472120.52,0.996026231120916,1.003973768879084,15521020895.31,15501587493.64
2022-03-22,1.0011534257,1.0043213511,1.0002591545,1.0018552799,1.0009285554,0,512747682.35,16126106106.08,0.9960418690125908,1.0039581309874093,15652053290.82,15623068126.84
2022-03-23,1.0018681454,1.0042699473,0.999416089,1.0009285554,0.9998767518,0,465299561.28,16144949636.460001,0.9960434095190506,1.0039565904809493,15707662227.07,15693090323.51
2022-03-24,1.0008336293,1.0064981725,0.9989275386,0.9998767518,1.0018580085,0,572380256.11,16299627240.530003,0.9960559648589495,1.0039440351410505,15849012926.65,15850966529.83
2022-03-25,0.9999004439,1.0035244565,0.9988799514,1.0018580085,1.0002419618,0,511050758.1,16306230341.080004,0.9960564973011746,1.0039435026988255,15997292361.82,15967624379.83
2022-03-26,1.0020882162,1.0024894898,0.9988654824,1.0002419618,0.9993304662,0,246370040.77,15737413937.140003,0.9960095469023672,1.0039904530976327,16104522365.07,16100626628.41
2022-03-27,1.0002077196,1.0033869222,0.9984879772,0.9993304662,0.9990212692,0,361288465.29,15509341943.970003,0.9959900815270248,1.0040099184729752,16173236211.67,16184071994.34
2022-03-28,0.999455458,1.0025678258,0.997431111,0.9990212692,1.0002302988,0,673564160.21,15695022922.940006,0.9960059574993757,1.0039940425006244,16220732654.06,16236623938.67
2022-03-29,0.9989247252,1.0017743594,0.9978385018,1.0002302988,1.0017004576,0,613330179.48,15961083067.930004,0.9960282746022542,1.0039717253977458,16285161016.23,16281411426.15
2022-03-30,1.0002241772,1.0030711415,0.9983835975,1.0017004576,1.0012545364,0,417047341.79,15751242561.060005,0.9960107150352254,1.0039892849647745,16359816394.2,16332044445.87
2022-03-31,1.0017211066,1.0023327158,0.9986169881,1.0012545364,1.0020146923,0,563578452.17,15641142573.330004,0.9960013765515999,1.0039986234484,16409440628.78,16388880182.06
2022-04-01,1.0013845299,1.0025644346,0.998939426,1.0020146923,1.0000884905,0,488655865.67,15490284613.950005,0.9959884377650489,1.004011562234951,16478569358.21,16445436863.34
2022-04-02,1.0020376319,1.0028057322,0.9985848433,1.0000884905,0.9999548162,0,498511220.23,15289822623.400005,0.9959709822168883,1.0040290177831117,16495019547.36,16493560023.4
2022-04-03,1.0001218018,1.0030803038,0.9990440862,0.9999548162,1.0005008242,0,325606707.7,14951787600.100006,0.9959408450774473,1.0040591549225528,16556192139.43,16556940245.13
2022-04-04,0.9998861778,1.0027473865,0.9962660744,1.0005008242,0.998398637,0,589731894,15045971451.070004,0.9959493325617987,1.0040506674382013,16629486794.72,16621162513.75
2022-04-05,1.0005068334,1.0026788785,0.9976214888,0.998398637,1.0003108463,0,562424018.22,15193081155.960005,0.9959624487554279,1.004037551244572,16658936299.82,16685656092.52
2022-04-06,0.9983627204,1.0030675422,0.997696312,1.0003108463,1.0001217443,0,744433415.24,15368068296.990002,0.9959778316953921,1.004022168304608,16724620818.65,16719423648.36
2022-04-07,1.0002448514,1.0022200278,0.9980189785,1.0001217443,1.0001910494,0,445409899.78,15275977756.050001,0.9959697653962845,1.0040302346037155,16727044000.34,16725007826.66
2022-04-08,1.0001798125,1.0008032758,0.9994533457,1.0001910494,1.0003059336,0,636053051.58,15068185926.600002,0.9959513241244449,1.0040486758755551,16735530255.94,16732333554.18
2022-04-09,1.0001046569,1.0011134489,0.9997296189,1.0003059336,1.0001375445,0,436070423.21,14848992622.910002,0.9959314998516193,1.0040685001483807,16730417964.54,16725301133.21
2022-04-10,1.0005945451,1.0015252764,0.9998224288,1.0001375445,1.0003393291,0,363203923.85,14706639626.580002,0.9959184149567533,1.0040815850432467,16726897758.82,16724597382.3
2022-04-11,1.0004177623,1.0012957182,0.9995514535,1.0003393291,1.0004742008,0,897998116.65,15254277109.550001,0.995967855172334,1.0040321448276661,16747423876.69,16741742916.86
2022-04-12,1.0003889719,1.0012146338,0.9996461177,1.0004742008,1.0008891607,0,642464357.76,15501285095.97,0.9959893869242277,1.0040106130757724,16853347810.92,16845359728.33
2022-04-13,1.000522267,1.0018454945,0.9999744097,1.0008891607,1.0009429535,0,448059621.44,15489390055.01,0.995988360539934,1.004011639460066,16979088465.02,16964004738.53
2022-04-14,1.0006000322,1.0018516934,0.9997125188,1.0009429535,1.0015857475,0,478484325.38,15341513670.49,0.9959755123759657,1.0040244876240343,17097697153.14,17081590008.25
2022-04-15,1.0009615082,1.0023177688,1.0005071537,1.0015857475,1.002427706,0,311283166.22,14991907533.369999,0.9959444692218127,1.0040555307781873,17226313555.43,17199040220.03
2022-04-16,1.0017166074,1.0030495847,1.0010185006,1.002427706,1.0013975156,0,204733777.53,14729073516.84,0.9959204882339867,1.0040795117660133,17358702187.44,17316662422.42
2022-04-17,1.0023841584,1.0028533572,1.0010355599,1.0013975156,1.0024578757,0,234591988.6,14467561341.15,0.9958960547729968,1.004103945227003,17458956520.31,17434591406.92
2022-04-18,1.0015659434,1.0030125474,1.0008739686,1.0024578757,1.0020581598,0,607009918.53,14701176592.650002,0.9959179094399326,1.0040820905600674,17585064023.62,17541948095.24
2022-04-19,1.0024522332,1.0032248928,1.0012018428,1.0020581598,1.0031998576,0,483251710.78,14853672642.210001,0.9959319271905851,1.004068072809415,17705464647.89,17669098819.02
2022-04-20,1.0020317834,1.0036924889,1.0013723693,1.0031998576,1.0021938184,0,518858156.42,14853492456.340002,0.9959319107408897,1.0040680892591103,17837135749.56,17780241508.61
2022-04-21,1.0031609023,1.0037077464,1.0013012414,1.0021938184,1.0011523073,0,618505118.36,14959249892.350002,0.9959415201478032,1.0040584798521968,17930175227.35,17890925785.11
2022-04-22,1.0020781872,1.00372106,0.9995442344,1.0011523073,1.0021282082,0,567613598.16,15061563929.230001,0.9959507308617327,1.0040492691382672,18023222420.44,18002478033.76
2022-04-23,1.0010871784,1.0036271919,0.999495335,1.0021282082,1.0013720466,0,325842114.56,14815025787.680002,0.9959283929024847,1.0040716070975153,18132167386.97,18093660309.94
2022-04-24,1.0026515295,1.003690391,0.9992768738,1.0013720466,1.0016830297,0,287766061.65,14591741091.230001,0.9959077298580592,1.0040922701419408,18170083022.69,18145186980.68
2022-04-25,1.0011705868,1.0032164225,0.9982270814,1.0016830297,1.0005103175,0,707655893.39,15053026943.85,0.9959499655224492,1.0040500344775507,18274150903.1,18243446640.21
2022-04-26,1.0022785467,1.00304959,0.9981818344,1.0005103175,1.0020869113,0,669584311.74,15361322790.3,0.9959772430396454,1.0040227569603546,18356952383.08,18347589286.81
2022-04-27,1.0014640053,1.0030028217,0.99836109,1.0020869113,1.0017508884,0,628471362.27,15316229992.36,0.9959732990830492,1.0040267009169508,18468046831.77,18429585921.36
2022-04-28,1.0005502532,1.0025943383,0.9983475089,1.0017508884,1.0009742026,0,521840224.55,15224740037.43,0.9959652493081105,1.0040347506918894,18484175552.85,18451868390.81
2022-04-29,1.0017245984,1.0027694455,0.9975550383,1.0009742026,0.9995667392,0,560980549.47,15368673245.109999,0.9959778844701728,1.0040221155298272,18478863507.95,18460878871.88
2022-04-30,1.0010729894,1.0028446681,0.9978930185,0.9995667392,1.001649225,0,547686207.19,15352781000.13,0.9959764971340603,1.0040235028659397,18482727595.39,18490738906.87
2022-05-01,0.9997794183,1.0025585909,0.9975788445,1.001649225,1.0013999615,0,566644084.58,15430769219.039999,0.9959832869434169,1.0040167130565831,18562618479.69,18532054951.13
2022-05-02,1.0015663983,1.002737341,0.9980469768,1.0013999615,1.0002442498,0,574239250.68,15506497249.489998,0.9959898363331278,1.0040101636668721,18633096653.68,18607047503.01
2022-05-03,0.9989472223,1.0023834680000001,0.9980859556,1.0002442498,0.9993654593,0,453049346.2,15633939887.989998,0.9960007625795856,1.0039992374204145,18651265447.36,18646710991.45
2022-05-04,1.000025288,1.0024822246,0.9965937234,0.9993654593,0.9995462775,0,612280606.5,15656488600.489998,0.9960026834228332,1.003997316577167,18661379618.16,18673228542.18
2022-05-05,1.0007405245,1.0033273897,0.9978566031,0.9995462775,0.9996239635,0,733858936.49,15827923518.759998,0.9960171677141015,1.0039828322858986,18665386427.8,18673859178.2
2022-05-06,0.9998282071,1.002500267,0.9980883924,0.9996239635,0.9968681918,0,649583067.18,15733073170.699999,0.9960091799464664,1.0039908200535337,18725628552.98,18732672722.13
2022-05-07,0.9998871427,1.0024613296,0.9927316435,0.9968681918,0.9964005505,0,1335178681.4,16622841952.32,0.9960816949722473,1.0039183050277527,18710784797.59,18769567483.87
